Age,Education,Marital Status,Parental_Status,Children,Income,Total_Spending,Days_as_Customer,Recency,Wines,Fruits,Meat,Fish,Sweets,Gold,Web,Catalog,Store,Discount Purchases,Total_Promo,NumWebVisitsMonth
69,2,0,0,0,58138.0,1617,5213,58,635,81,546,120,81,88,8,10,4,3,0,7
72,2,0,1,2,46344.0,27,4367,38,11,1,6,2,1,6,1,1,2,2,0,5
61,2,1,0,0,71613.0,776,4714,26,426,49,127,111,21,42,8,2,10,1,0,4
42,2,1,1,1,26646.0,53,4307,26,11,4,20,10,3,5,2,0,4,2,0,6
45,4,1,1,1,58293.0,422,4563,94,173,43,118,46,27,15,5,3,6,5,0,5
59,3,1,1,1,62513.0,716,4695,16,520,42,98,0,42,14,6,4,10,2,0,6
55,2,0,1,1,55635.0,590,4995,34,235,65,164,50,49,27,7,3,7,4,0,6
41,4,1,1,1,33454.0,169,4730,32,76,10,56,3,1,23,4,0,4,2,0,8
52,4,1,1,1,30351.0,46,4790,19,14,0,24,3,3,2,3,0,2,1,0,9
76,4,1,1,2,5648.0,49,4510,68,28,0,6,1,1,13,1,0,0,1,1,20
43,2,1,1,1,,19,4628,11,5,5,6,0,2,1,1,0,2,1,0,7
50,0,1,0,0,7500.0,61,4995,59,6,16,11,11,1,16,2,0,3,1,0,8
67,2,0,0,0,63033.0,1102,4628,82,194,61,480,120,81,30,3,4,8,1,0,2
74,3,0,1,2,59354.0,310,4628,53,233,2,53,3,5,14,6,1,5,3,0,6
39,2,1,0,0,17323.0,46,5029,38,3,14,17,6,1,5,1,0,3,1,0,8
80,4,0,0,0,82800.0,1315,4984,23,1006,22,115,59,68,45,7,6,12,1,2,3
46,2,1,1,2,41850.0,96,4954,51,53,5,19,2,13,4,3,0,3,3,0,8
80,2,1,0,0,37760.0,317,5069,20,84,5,38,120,12,28,4,1,6,2,0,7
77,3,1,1,1,76995.0,1782,4860,91,1012,80,498,0,16,126,11,4,9,2,1,5
41,1,0,1,1,33812.0,133,5242,86,4,17,19,30,24,39,2,1,3,2,0,6
44,2,1,0,0,37040.0,316,5092,41,86,2,73,69,38,48,4,2,5,1,0,8
47,2,1,1,1,2447.0,1730,4795,42,1,1,556,1,1,1,0,28,0,15,0,1
77,4,1,1,1,58607.0,972,4955,63,867,0,86,0,0,19,2,3,9,3,1,8
72,4,1,1,1,65324.0,544,4277,0,384,0,102,21,32,5,6,2,9,3,0,4
75,2,1,1,1,40689.0,444,4870,69,270,3,27,39,6,99,7,1,5,7,0,8
57,2,0,0,0,18589.0,75,4915,89,6,4,25,15,12,13,2,1,3,2,0,7
50,2,1,1,2,53359.0,257,4800,4,173,4,30,3,6,41,5,1,4,4,0,7
40,2,0,1,1,,637,4896,19,5,1,3,3,81,126,27,0,0,0,0,1
37,2,1,1,1,38360.0,131,4796,26,36,2,42,20,21,10,2,1,4,2,0,3
61,4,1,0,0,84618.0,1672,4621,96,684,81,556,21,66,0,6,9,10,1,1,2
37,3,0,0,0,10979.0,30,4440,34,8,4,10,2,2,4,3,0,3,2,0,5
63,3,1,0,0,38620.0,318,4638,56,112,17,44,34,22,89,2,5,3,1,0,3
56,2,1,1,1,40548.0,120,5029,31,110,0,5,2,0,3,2,1,4,2,1,5
74,4,0,1,2,46610.0,302,5010,8,96,12,96,33,22,43,4,1,6,6,0,6
80,3,1,0,0,68657.0,1196,4896,4,482,34,471,119,68,22,3,5,9,1,0,7
75,3,0,1,2,49389.0,65,4706,55,40,0,19,2,1,3,2,0,3,1,0,7
56,4,1,1,1,67353.0,913,4582,37,702,17,151,0,8,35,5,6,12,5,0,2
50,1,1,1,1,23718.0,81,4907,76,6,3,14,15,7,36,3,1,2,3,0,7
53,2,0,1,1,42429.0,67,4276,99,55,0,6,2,0,4,1,1,3,2,0,5
83,4,0,0,0,48948.0,902,4945,53,437,8,206,120,49,42,7,10,5,2,1,6
46,2,1,1,1,80011.0,1395,4828,3,421,76,536,82,81,102,8,6,5,2,0,4
41,3,1,1,1,20559.0,53,4610,88,13,1,29,3,0,7,2,0,3,2,0,8
69,2,1,1,1,21994.0,22,4954,4,9,0,6,3,1,3,0,0,3,1,0,5
67,4,0,0,0,,186,4816,80,81,11,50,3,2,39,1,3,4,1,0,2
51,3,1,1,1,7500.0,31,4906,19,3,1,10,3,2,12,2,0,3,3,0,5
50,2,0,0,0,79941.0,984,4403,72,123,81,266,120,30,126,2,4,9,1,0,1
30,1,1,0,0,7500.0,122,5058,24,3,18,14,15,22,50,3,1,3,3,0,9
58,2,1,1,1,41728.0,55,4803,92,13,6,15,3,5,13,2,0,2,1,0,10
75,2,0,1,3,,124,4581,96,48,5,48,6,10,7,2,1,4,3,0,6
72,4,1,1,2,72550.0,1319,5089,39,826,50,317,50,38,38,5,2,12,9,0,8
69,2,0,1,1,65486.0,507,4243,29,245,19,125,37,67,14,4,2,10,1,0,2
62,3,1,0,0,79143.0,1693,5000,2,650,37,556,27,81,32,6,9,13,1,0,3
49,2,0,1,1,35790.0,72,4915,54,12,6,20,30,1,3,2,0,3,2,0,7
49,2,0,0,0,82582.0,1617,4395,54,510,81,550,120,40,126,4,9,7,1,2,1
48,2,1,1,2,66373.0,606,4607,57,328,9,124,12,24,109,4,2,10,7,0,3
71,3,1,0,0,82384.0,1957,4989,55,984,51,432,120,81,126,3,10,13,1,1,1
60,2,0,0,0,70287.0,1093,4912,30,295,35,482,120,81,40,5,5,10,1,0,3
38,2,0,1,1,27938.0,29,4464,31,13,0,8,2,1,5,1,0,4,1,0,3
44,2,0,1,1,,46,4779,57,11,3,22,2,2,6,2,0,3,2,0,6
58,4,1,1,1,55954.0,518,4520,63,447,0,28,0,0,43,8,2,6,3,0,7
44,3,0,0,0,75777.0,1438,4850,12,712,26,538,69,13,80,3,6,11,1,2,1
51,2,1,1,2,66653.0,612,5122,18,452,18,102,16,18,6,4,2,12,4,0,3
74,2,0,1,1,61823.0,884,4898,26,523,7,134,37,14,126,8,2,10,4,0,7
75,4,0,1,1,67680.0,606,4637,8,546,0,48,0,6,6,7,3,8,1,0,5
78,2,1,0,0,70666.0,1076,4784,29,398,40,367,119,81,30,7,4,4,1,0,4
55,2,1,1,1,25721.0,34,4806,75,1,3,6,3,6,15,1,1,2,1,0,7
59,2,1,1,2,32474.0,11,4273,0,10,0,1,0,0,0,1,0,2,1,0,7
47,1,0,1,1,88194.0,1274,4504,19,688,14,309,120,24,38,11,10,10,1,2,5
68,2,1,1,1,69096.0,653,4677,4,247,49,159,7,81,109,5,2,10,1,0,4
56,2,1,1,3,74854.0,1562,4731,90,856,59,487,58,29,73,2,5,5,7,0,5
72,3,1,0,0,66991.0,1253,4999,1,496,36,460,120,60,12,4,8,6,3,0,3
53,1,1,1,1,,109,5055,25,25,3,43,17,4,17,3,0,3,3,0,8
67,2,1,1,1,65031.0,863,4871,29,258,81,291,84,37,86,10,3,13,4,0,7
51,4,1,1,2,60631.0,661,4823,88,565,6,65,0,6,19,9,2,8,5,1,7
74,2,1,0,0,28332.0,65,4462,58,14,10,13,4,15,9,2,1,4,1,0,2
49,2,0,1,1,40246.0,13,4959,68,2,1,6,2,1,1,1,0,2,1,0,6
54,3,1,0,0,75251.0,1890,5073,34,721,81,556,97,18,18,7,6,5,1,0,5
50,2,0,0,0,75825.0,2209,4968,40,1032,81,556,120,81,51,5,8,9,0,1,4
50,1,1,0,0,26326.0,18,4848,12,1,0,5,0,3,9,0,0,3,1,0,3
61,2,1,0,0,56046.0,692,4915,9,577,0,64,0,0,51,10,1,8,2,1,8
41,2,0,1,1,29760.0,165,5071,87,64,4,68,7,5,17,3,1,4,4,0,8
57,2,1,1,1,26304.0,16,4773,5,4,1,5,2,0,4,1,0,2,1,0,7
53,1,1,1,1,23559.0,79,4881,87,25,5,19,7,0,23,3,0,3,3,0,7
63,3,1,0,0,38620.0,318,4638,56,112,17,44,34,22,89,2,5,3,1,0,3
39,2,0,0,0,81361.0,778,4526,18,163,23,424,27,65,76,3,10,13,1,0,1
66,2,1,1,2,29440.0,56,4635,95,17,8,14,10,4,3,1,0,4,2,0,7
56,3,1,1,2,36138.0,151,4750,48,130,0,16,0,0,5,3,1,4,5,1,7
69,2,0,1,1,50388.0,372,4434,3,292,6,37,0,3,34,6,1,6,4,2,7
53,2,1,0,0,79593.0,1366,4243,70,350,60,556,110,81,126,5,6,7,1,1,2
59,2,1,1,1,54178.0,194,4561,79,135,9,39,4,0,7,2,2,5,1,0,2
69,4,1,1,3,,603,4989,4,230,42,192,49,37,53,7,2,8,12,0,9
69,2,0,1,2,,18,4435,45,7,0,8,2,0,1,1,0,2,1,0,7
53,3,1,0,0,,985,4620,87,445,37,359,98,28,18,2,4,8,1,0,1
54,3,0,1,1,42394.0,32,4500,69,15,2,10,0,1,4,1,0,3,1,0,7
56,4,1,1,1,23626.0,43,4438,84,27,2,14,0,0,0,3,1,3,3,0,5
43,2,1,1,1,30096.0,45,4440,30,5,3,11,12,5,9,2,0,3,1,0,6
66,2,0,1,1,47916.0,606,4986,72,505,0,26,0,0,75,7,4,6,5,1,6
54,2,0,1,2,51813.0,63,4639,37,51,2,7,0,1,2,2,0,3,2,0,7
75,1,1,0,0,78497.0,978,4935,44,207,26,447,75,0,126,5,7,12,1,1,2
43,4,1,0,0,50150.0,410,4776,32,135,46,92,65,61,11,5,2,7,2,0,5
66,1,0,1,1,47823.0,72,4743,0,53,1,5,2,1,10,2,0,3,2,0,8
67,4,0,1,1,34554.0,55,4493,43,41,1,6,2,0,5,2,0,3,2,0,6
47,2,1,1,1,85693.0,1169,4837,59,386,81,183,120,81,111,9,5,11,2,0,5
81,4,1,0,0,65846.0,1120,4810,68,562,81,276,80,40,81,6,3,6,1,0,4
67,2,1,0,0,87195.0,1097,4365,35,217,76,556,50,26,38,3,11,5,1,0,1
47,0,1,1,1,24594.0,29,4662,94,1,3,6,10,0,9,1,0,3,1,0,5
62,2,1,1,2,49096.0,187,4680,15,144,1,32,2,1,7,4,1,4,4,0,7
57,2,1,1,2,52413.0,910,4914,56,295,81,271,75,81,65,6,4,12,4,0,6
48,2,0,1,1,38557.0,145,4959,17,76,3,31,4,4,27,3,1,3,2,0,7
66,3,1,0,0,89058.0,850,5119,18,454,81,106,31,22,43,5,4,4,1,0,2
47,2,1,1,1,77298.0,969,4905,46,425,81,292,23,35,79,6,6,11,1,0,3
35,4,0,0,0,68126.0,1820,5028,40,1225,17,311,23,51,86,7,4,5,1,1,9
63,3,1,1,1,57288.0,608,4406,27,527,0,21,0,0,60,8,1,8,3,1,6
35,2,0,0,0,86037.0,730,4915,95,490,44,125,29,20,22,6,7,11,1,2,3
46,4,1,1,1,43974.0,551,4966,19,378,0,101,0,0,72,6,4,6,5,0,7
64,2,0,1,2,50785.0,114,4665,27,64,1,21,0,1,27,2,1,3,2,0,6
56,2,1,0,0,90765.0,1724,4558,25,547,81,556,120,81,33,4,6,5,0,2,1
48,1,1,1,1,36550.0,577,4897,74,47,81,94,120,81,120,9,1,5,5,0,9
59,1,1,1,2,30753.0,81,4636,85,12,5,25,0,9,30,1,1,3,2,0,5
57,2,1,1,1,21918.0,33,4629,37,1,6,7,11,5,3,2,0,3,2,0,6
73,3,1,1,1,56129.0,660,4776,65,320,48,133,39,72,48,6,2,10,4,0,4
59,3,0,1,1,32557.0,80,4527,13,34,3,29,0,4,10,2,1,3,3,0,5
41,3,1,1,2,19510.0,30,4848,63,9,0,7,3,4,7,1,0,3,2,0,7
50,2,0,1,1,30992.0,43,4835,83,17,0,14,7,3,2,1,0,3,1,0,7
43,2,0,0,0,101970.0,1135,4610,69,722,27,102,44,72,126,6,8,13,0,3,2
61,1,1,0,0,71488.0,559,4898,87,162,33,124,40,28,126,3,4,7,2,0,1
42,2,0,0,0,79607.0,1923,4836,37,450,81,556,120,0,126,3,6,6,1,0,1
73,3,1,1,2,54348.0,90,4364,51,70,0,16,0,0,4,2,0,4,2,0,6
65,4,1,1,1,,404,4636,23,352,0,27,10,0,15,6,1,7,3,0,6
70,4,1,1,2,77376.0,661,4304,72,492,19,110,16,12,12,6,3,10,4,0,4
74,2,1,1,1,62998.0,463,4674,10,120,58,73,65,81,58,5,4,5,5,0,5
68,3,0,1,2,61331.0,632,4671,42,534,5,47,0,5,41,11,1,6,5,0,8
57,2,1,0,0,73448.0,725,4307,10,236,81,189,23,41,126,7,2,9,1,0,4
63,2,1,1,1,,725,4635,96,231,65,196,38,71,124,6,5,7,1,0,4
62,4,1,1,2,41551.0,279,4721,51,220,0,33,3,0,23,5,1,5,5,0,8
59,4,1,0,0,62981.0,1482,4871,21,796,14,556,38,44,0,4,5,13,1,1,3
50,0,0,1,1,9548.0,29,5092,31,0,1,3,10,6,9,1,0,3,2,0,8
67,4,1,1,3,33762.0,106,4759,61,53,1,34,2,0,16,2,2,2,3,0,8
53,4,0,1,2,35860.0,49,4443,37,15,0,8,4,2,20,1,1,2,2,1,5
61,4,0,1,2,36921.0,38,4738,74,17,1,12,3,1,4,2,0,3,2,0,7
34,3,0,0,0,92859.0,2077,5020,46,962,61,556,52,61,20,5,4,12,1,0,2
50,3,1,1,1,65104.0,1053,4629,4,738,0,232,13,20,50,3,5,7,2,0,7
64,2,1,0,0,86111.0,1385,4838,73,399,28,556,36,40,126,5,7,10,1,0,2
52,4,0,1,1,68352.0,871,4707,47,614,16,132,43,33,33,8,5,9,3,0,6
38,2,1,1,1,41883.0,312,4869,13,32,34,41,73,16,116,4,2,3,3,0,7
50,2,1,1,2,59809.0,877,5021,36,598,16,141,32,41,49,3,3,6,3,0,8
51,2,1,1,1,23957.0,68,5011,47,2,1,18,20,11,16,2,0,3,1,0,6
45,2,1,1,1,38547.0,22,4707,49,6,1,10,0,1,4,1,0,2,1,0,8
53,1,1,1,3,35688.0,211,5078,94,73,3,90,12,1,32,4,1,4,7,0,8
60,3,1,0,0,49605.0,127,4410,65,42,16,29,12,20,8,2,1,4,1,0,3
73,3,1,1,2,59354.0,459,4468,59,295,21,78,39,13,13,4,4,7,1,0,3
57,2,1,1,1,65747.0,460,4398,96,346,17,48,23,13,13,8,1,6,4,1,6
54,1,1,1,1,46344.0,429,4964,28,233,20,57,8,20,91,7,1,5,4,0,7
38,2,0,1,1,34176.0,89,4243,12,5,7,24,19,14,20,3,0,4,4,0,6
74,4,1,1,1,61010.0,1021,5059,57,888,0,57,0,0,76,8,5,11,2,0,5
77,2,1,0,0,69372.0,1381,4897,10,997,26,269,34,13,42,10,4,6,1,2,4
68,2,0,1,1,49967.0,306,4728,4,212,6,69,4,12,3,6,1,5,3,0,7
48,2,0,1,3,60199.0,18,4604,49,8,1,7,2,0,0,0,0,3,1,0,4
49,2,1,1,1,55375.0,162,4657,3,42,11,57,10,28,14,1,1,6,1,0,2
71,2,0,0,0,80317.0,1231,4715,64,536,11,387,120,81,57,3,4,10,1,0,1
68,3,0,1,3,30523.0,13,4940,0,5,0,3,0,0,5,1,0,2,1,0,7
81,4,1,0,0,70356.0,1706,5181,20,1225,16,249,43,16,33,10,6,9,2,0,6
42,2,1,1,1,23228.0,121,4461,91,53,3,49,7,4,5,3,0,4,4,0,8
51,4,0,0,0,74165.0,1293,4942,9,1001,12,240,16,12,12,5,4,10,1,0,2
53,4,1,1,1,118350.5,1608,4579,98,20,2,556,1,2,1,0,22,0,15,0,0
60,2,1,1,3,43482.0,88,4630,83,18,1,32,6,3,28,2,0,4,3,0,6
73,2,0,0,0,62551.0,421,4625,27,125,16,98,120,21,27,6,7,4,1,1,3
67,2,0,0,0,52332.0,259,4707,63,212,5,33,7,0,2,3,2,6,1,1,4
38,2,0,0,0,66951.0,1117,4905,46,277,81,305,120,76,124,3,4,7,1,0,1
69,2,1,1,2,26091.0,89,4526,84,15,10,19,8,17,20,2,1,3,3,0,5
61,2,1,1,2,33456.0,36,4471,58,7,3,10,8,1,7,1,0,3,2,0,7
44,2,1,1,1,28718.0,57,4753,78,12,4,6,11,8,16,2,0,3,2,0,8
56,2,1,1,2,50447.0,148,4471,4,85,7,24,2,3,27,3,1,3,1,0,6
67,4,1,1,2,53537.0,93,4552,17,81,0,6,0,0,6,2,1,3,2,0,5
59,2,0,1,1,52074.0,119,4488,77,59,0,12,0,0,48,2,2,2,1,1,4
51,4,1,1,1,80427.0,1835,4969,56,1149,71,449,69,71,26,11,8,8,1,0,5
78,4,1,0,0,83837.0,1318,4962,79,847,66,119,86,81,111,9,10,5,1,2,4
56,4,1,1,2,38853.0,45,4439,90,29,0,14,0,0,2,2,0,3,2,0,7
67,2,1,1,3,38285.0,10,4407,96,2,0,5,2,0,1,0,0,3,1,0,2
75,1,1,0,0,78497.0,978,4935,44,207,26,447,75,0,126,5,7,12,1,1,2
50,4,1,1,1,51650.0,191,4273,81,152,3,22,2,5,7,4,1,4,1,0,5
38,1,1,1,1,16248.0,57,4304,77,12,11,10,3,12,9,2,1,3,3,0,6
80,3,1,0,0,66835.0,1033,4676,21,620,26,195,34,17,126,6,4,13,1,0,2
42,3,1,1,1,30477.0,66,4560,16,47,1,6,0,0,12,1,1,3,1,0,6
65,0,1,0,0,28249.0,43,4416,80,1,9,7,2,14,10,2,0,3,1,0,6
43,2,1,1,1,25271.0,50,5180,45,10,1,18,10,4,7,1,1,2,1,0,9
56,4,0,1,1,32303.0,39,4367,63,35,0,2,0,0,2,1,0,4,2,0,5
60,2,1,1,1,61286.0,608,4908,34,356,0,107,19,9,117,7,1,8,2,0,5
50,2,1,0,0,74068.0,1581,4869,14,783,30,537,120,76,15,4,10,9,1,0,2
62,4,1,1,2,45759.0,68,4893,13,42,1,18,3,0,4,2,0,3,2,0,7
48,0,1,1,1,24882.0,80,5060,52,1,4,10,29,0,36,1,1,2,1,1,6
37,4,1,0,0,66973.0,1282,4810,98,466,22,432,120,81,102,8,7,12,1,0,3
94,1,0,1,1,36640.0,65,4678,99,15,6,8,7,4,25,2,1,2,1,0,5
38,2,1,1,1,38872.0,91,4797,93,23,3,21,3,19,22,3,0,3,2,0,8
53,2,1,1,2,51148.0,315,4898,38,235,6,45,8,9,12,5,1,6,4,0,6
49,2,1,1,2,31353.0,31,4584,24,10,0,10,3,1,7,1,1,2,2,0,8
46,3,1,0,0,69661.0,834,4449,80,656,16,106,32,16,8,7,3,12,1,0,3
72,2,1,0,0,80067.0,1600,4685,82,519,17,556,27,81,51,4,6,6,1,1,2
72,2,1,0,0,86718.0,1270,4930,20,344,81,482,50,33,126,5,6,5,1,0,2
53,4,0,1,2,46854.0,263,4492,81,96,1,79,7,1,79,5,1,3,6,1,8
74,2,0,1,1,69142.0,535,4402,50,448,4,34,6,4,39,8,1,7,3,1,5
58,2,0,0,0,75922.0,1295,4692,60,265,81,553,120,23,92,4,4,9,1,0,1
48,2,0,1,1,63693.0,1150,4660,63,587,43,337,42,81,54,11,6,9,3,0,6
49,4,1,0,0,102160.0,1240,5271,54,763,29,138,76,81,58,7,9,10,0,3,4
61,4,0,1,2,40637.0,38,4749,72,22,0,13,0,0,3,1,0,3,2,0,7
42,3,0,0,0,18890.0,35,5028,5,6,4,1,7,2,15,0,1,2,1,1,6
38,2,1,1,1,29604.0,53,4723,88,7,6,13,7,6,14,1,0,3,1,1,9
63,3,0,1,2,48721.0,293,4814,50,81,18,113,47,13,21,4,2,5,6,0,6
60,2,1,1,1,44794.0,65,4364,99,54,0,7,0,0,4,2,0,3,1,0,6
72,2,0,1,1,64497.0,1804,5030,17,1170,48,320,42,32,126,11,4,9,5,1,8
70,2,1,1,1,46097.0,241,4857,11,72,24,68,65,4,8,3,1,6,5,0,4
72,2,1,0,0,77972.0,1101,4505,18,613,22,319,33,81,12,4,6,9,1,0,1
58,4,1,1,2,44377.0,264,5182,70,224,0,30,0,0,10,5,1,5,8,0,8
52,3,1,1,2,46014.0,541,4926,21,410,0,59,19,9,44,7,1,8,10,0,7
41,2,1,0,0,70951.0,1198,4852,66,239,10,554,120,81,54,3,4,9,1,0,1
49,2,1,1,1,41443.0,482,4578,79,171,7,171,25,19,89,8,1,5,6,0,8
48,1,0,1,3,52195.0,17,4243,2,12,0,4,0,0,1,1,0,2,1,0,8
78,3,1,0,0,83790.0,1615,4628,81,1076,16,417,42,48,16,8,10,6,1,2,3
72,3,0,1,1,44551.0,285,4704,24,182,4,33,0,0,66,4,1,5,2,0,7
46,2,1,1,1,69508.0,1135,4994,48,824,32,162,42,32,43,11,4,11,2,0,6
38,1,1,1,1,45204.0,114,4274,93,30,11,25,29,1,18,1,1,4,1,0,3
57,2,1,0,0,72460.0,1047,4629,56,377,10,540,80,30,10,3,5,7,1,0,1
56,4,1,1,2,77622.0,714,4478,3,520,7,154,19,0,14,6,3,11,2,0,3
46,4,1,1,1,30732.0,185,4826,44,155,1,25,0,1,3,4,1,4,4,0,8
64,2,0,1,1,63887.0,1245,5091,38,897,23,207,15,11,92,9,6,12,5,0,6
48,2,1,1,1,42011.0,189,4862,46,131,0,16,2,1,39,3,1,4,4,0,8
50,2,1,1,1,51369.0,576,5014,84,297,7,79,0,11,126,8,2,4,2,0,8
74,2,0,1,1,51537.0,1103,5057,27,787,20,204,0,0,92,2,2,11,3,0,8
54,4,1,0,0,79930.0,1753,5092,72,792,81,556,67,51,17,3,5,8,1,0,2
40,4,1,1,1,34320.0,17,4535,66,4,1,9,3,0,0,1,0,2,1,0,8
60,2,0,1,2,37070.0,433,4868,30,231,7,137,4,15,39,5,1,8,9,0,7
64,1,0,1,1,81975.0,1588,4826,2,983,76,184,120,81,27,6,3,4,1,1,7
55,2,1,1,1,38590.0,22,4812,65,3,1,8,4,3,3,1,0,2,1,0,8
75,2,0,0,0,15033.0,19,4476,37,0,4,5,6,0,4,1,0,3,1,0,3
61,4,1,1,1,62745.0,1117,4865,89,562,21,464,28,10,32,7,8,11,3,0,5
51,1,1,1,1,22212.0,69,4692,49,5,9,20,6,8,21,2,0,4,2,0,6
44,3,1,1,1,23661.0,23,4845,46,18,0,4,0,0,1,1,0,3,1,0,7
68,4,0,1,1,79761.0,605,4847,32,415,5,124,15,35,11,5,2,11,1,0,3
53,2,0,1,1,7500.0,57,4587,54,5,3,10,12,7,20,3,1,3,4,0,7
94,1,0,1,1,60182.0,22,4445,23,8,0,5,7,0,2,1,0,2,1,0,4
58,2,0,0,0,73455.0,2088,4646,98,901,61,556,120,81,20,6,5,10,1,1,3
68,2,1,1,1,64961.0,1009,4955,97,382,81,276,75,81,38,6,4,4,2,0,3
55,2,0,1,1,22804.0,26,4735,75,14,1,7,2,1,1,2,0,2,1,0,9
36,2,1,0,0,73687.0,1627,4615,8,559,81,503,120,13,126,3,9,9,1,1,2
68,2,1,1,1,61074.0,1102,5083,37,789,0,133,0,28,126,11,5,8,7,0,7
62,4,1,1,2,31686.0,17,4456,31,11,0,5,0,0,1,1,0,3,2,0,6
54,2,1,1,1,80134.0,1690,4807,40,1218,16,272,104,0,80,5,3,6,2,3,6
73,2,1,1,1,75027.0,1390,4703,74,925,64,179,120,12,77,9,4,6,2,0,5
38,4,1,0,0,67546.0,2126,5069,90,864,81,556,120,38,126,4,10,5,1,0,3
57,3,1,1,1,65176.0,1531,5010,57,960,28,183,120,70,70,9,6,6,4,0,6
51,3,0,1,1,31160.0,64,4688,59,16,3,25,6,1,13,2,0,3,2,0,8
41,2,0,1,1,29938.0,26,4647,52,3,3,7,0,2,11,1,0,3,2,0,6
52,2,0,0,0,102692.0,1112,4823,5,168,81,444,32,81,126,6,9,13,1,4,2
68,1,1,0,0,26490.0,210,5047,92,45,47,52,21,20,25,3,1,5,2,0,6
59,2,1,1,2,75702.0,1148,5071,77,650,28,353,45,42,30,4,6,11,5,0,8
52,4,0,1,1,30899.0,33,5026,35,24,0,8,0,0,1,1,0,3,2,0,6
65,4,1,1,1,63342.0,1101,5023,48,918,21,118,13,10,21,8,3,5,3,1,6
62,2,0,1,1,45989.0,322,5017,97,138,33,87,28,24,12,3,2,7,4,0,3
62,2,0,1,2,18701.0,44,4851,95,12,4,2,10,6,10,2,0,4,4,0,5
69,4,0,1,3,40737.0,17,4723,24,11,0,4,0,0,2,1,0,2,1,0,8
47,2,0,1,1,15287.0,31,5029,60,1,2,8,4,3,13,1,1,2,2,1,7
58,4,0,1,2,69674.0,845,4805,46,554,41,215,11,0,24,10,2,10,3,0,5
56,3,1,1,1,44159.0,275,4414,85,167,2,62,24,13,7,4,1,6,4,0,5
48,4,1,1,1,37717.0,25,4985,31,9,0,6,4,1,5,1,0,2,1,0,9
74,3,1,1,2,43776.0,275,4886,9,177,2,71,3,2,20,5,2,4,6,0,8
60,3,1,1,2,38179.0,90,4874,30,38,4,22,4,2,20,3,1,3,4,0,7
63,2,1,0,0,80124.0,1495,4405,47,483,81,398,120,81,126,3,7,8,1,1,1
56,4,1,1,2,38097.0,184,5024,70,77,2,35,0,1,69,3,2,2,4,1,7
56,2,1,0,0,72940.0,981,4777,13,182,74,298,120,81,116,3,3,6,1,0,1
56,2,1,1,1,22070.0,67,4847,11,10,7,19,8,2,21,2,2,2,2,0,6
73,2,0,0,0,69267.0,1635,5047,31,778,44,499,95,73,126,3,4,5,2,0,7
43,3,0,1,1,31788.0,60,4503,15,16,7,23,0,8,6,3,0,4,3,0,5
51,4,1,1,1,61905.0,231,4490,2,167,0,43,6,2,13,4,2,4,2,0,5
66,2,1,1,2,29315.0,48,4427,55,13,2,14,8,7,4,2,0,4,4,0,6
63,2,0,1,2,33378.0,99,4794,38,33,6,40,3,7,10,2,0,4,3,0,7
63,4,1,1,1,66313.0,770,4688,86,625,7,99,10,22,7,6,3,12,2,0,4
70,2,0,0,0,60714.0,957,4930,56,216,81,224,101,81,126,7,4,10,2,0,5
45,3,1,0,0,77882.0,818,4462,29,68,81,396,120,22,15,3,3,5,1,0,1
40,4,0,0,0,69867.0,925,4912,30,196,0,512,33,81,54,3,5,8,1,1,1
58,3,0,1,1,63841.0,908,4836,64,635,15,100,20,7,126,9,3,9,1,0,6
45,0,1,1,1,24480.0,102,4641,46,4,19,9,28,25,17,3,0,4,3,0,7
50,2,1,1,1,51369.0,576,5014,84,297,7,79,0,11,126,8,2,4,2,0,8
80,2,1,0,0,37760.0,317,5069,20,84,5,38,120,12,28,4,1,6,2,0,7
52,4,1,1,1,65640.0,461,4579,74,204,7,149,20,15,66,5,1,8,1,0,2
51,3,1,1,2,44319.0,37,4475,18,26,0,8,0,0,3,2,0,3,2,0,5
52,2,1,1,1,30631.0,70,4606,75,15,6,20,4,5,20,3,1,2,1,0,7
74,2,1,0,0,75278.0,930,4918,17,304,81,230,120,74,74,6,3,13,1,0,3
70,3,1,1,2,50898.0,859,4734,88,285,28,242,55,81,126,6,2,12,13,0,5
60,2,0,0,0,79946.0,1478,4243,19,395,81,556,120,81,28,5,11,5,1,0,3
77,3,0,0,0,35416.0,390,4783,62,248,3,81,4,3,51,7,1,5,3,0,8
42,1,1,0,0,32414.0,52,4850,11,20,6,5,0,9,12,1,0,3,1,1,7
57,2,1,1,1,38361.0,137,4586,74,39,0,56,20,8,14,3,1,3,3,0,7
46,2,1,0,0,82497.0,1919,5008,32,777,81,556,120,21,126,2,7,9,1,1,4
55,2,1,1,2,16626.0,68,4567,76,8,3,22,21,1,13,3,0,3,3,0,9
61,2,1,1,2,29672.0,25,4610,6,9,1,3,0,4,8,0,0,3,1,0,6
74,3,1,1,1,55951.0,1374,5077,62,1225,0,80,0,13,40,3,6,11,3,2,8
38,1,0,1,1,35388.0,32,4763,20,6,4,7,4,3,8,1,0,3,1,0,7
40,3,1,1,1,42386.0,100,4934,43,65,4,16,0,4,11,3,0,3,1,0,8
44,2,0,0,0,68627.0,825,4612,45,395,15,263,60,54,38,2,3,6,1,0,1
61,4,0,1,1,57912.0,916,4506,34,801,0,80,0,0,35,8,3,12,5,1,5
68,2,0,1,2,35246.0,62,4476,53,36,0,12,2,2,10,3,1,3,4,0,5
70,1,1,1,1,58821.0,728,4603,44,513,14,154,19,0,28,9,2,9,1,0,6
48,4,1,1,1,46377.0,90,4579,89,37,0,46,4,3,0,2,1,3,1,0,4
38,2,0,1,1,39747.0,273,4479,43,80,15,93,20,13,52,5,1,4,3,0,8
42,2,1,1,1,23976.0,66,4586,68,14,1,21,2,3,25,3,1,3,3,0,7
65,3,1,0,0,80950.0,1213,4860,44,525,81,112,120,81,63,6,7,9,1,1,2
60,2,0,0,0,27038.0,107,5051,64,1,26,25,17,23,15,3,0,3,1,0,9
79,2,0,0,0,77457.0,1157,4459,85,675,11,400,15,45,11,2,5,10,1,1,1
62,3,1,1,1,64100.0,546,4665,93,509,0,27,0,0,10,8,3,6,1,1,7
34,3,1,0,0,42670.0,241,4830,12,154,2,46,20,4,15,4,2,4,1,0,4
50,2,0,1,1,12571.0,53,4564,86,3,5,14,2,12,17,3,1,3,4,0,6
59,2,1,1,3,22574.0,37,4646,28,25,0,8,2,0,2,2,0,3,2,0,7
37,2,1,0,0,,1611,4882,69,861,81,461,60,30,61,6,5,12,1,2,3
50,3,0,0,0,70893.0,1508,4794,42,768,44,556,77,44,14,6,6,10,1,0,3
60,2,1,1,2,54198.0,235,4596,13,185,0,28,3,2,17,3,1,6,6,0,4
70,3,1,1,2,28839.0,32,4275,86,24,0,7,0,0,1,2,0,3,2,0,5
54,2,1,1,2,40321.0,102,4737,59,44,4,21,6,0,27,3,0,3,2,0,7
41,2,0,1,1,66503.0,401,5086,30,91,64,128,65,3,50,4,3,6,2,0,3
75,2,1,1,2,30833.0,28,4750,33,11,0,7,3,1,6,1,0,3,2,0,5
56,2,0,1,3,,1052,4712,67,738,20,172,52,50,20,2,3,10,6,2,7
55,2,1,1,1,64795.0,680,4930,23,412,5,119,38,29,77,3,3,12,3,0,2
52,2,1,1,1,34421.0,30,4940,81,3,3,7,6,2,9,1,0,2,1,0,7
61,4,0,1,2,47025.0,20,4337,6,16,0,3,0,0,1,1,0,2,1,0,7
65,4,0,1,1,64325.0,1307,4764,41,731,60,353,78,12,73,10,3,5,5,0,7
73,2,0,1,1,40464.0,630,4642,78,424,17,118,7,23,41,8,2,8,6,0,8
69,2,1,0,0,62187.0,1283,4820,49,792,0,275,45,45,126,4,8,5,1,0,3
50,4,0,1,1,14849.0,65,4909,39,21,2,28,3,2,9,2,0,4,3,0,8
42,2,1,1,1,27255.0,37,4755,3,22,1,11,0,1,2,1,0,3,1,0,7
76,4,1,1,3,54432.0,38,4699,37,33,0,5,0,0,0,1,0,3,1,0,4
40,4,0,1,1,29999.0,160,4903,22,68,7,59,10,5,11,3,1,4,4,0,8
43,2,0,1,1,24072.0,23,4841,79,9,1,6,3,0,4,1,0,2,1,0,8
37,4,0,0,0,33996.0,71,4634,46,40,2,15,8,0,6,1,1,3,1,0,4
70,4,1,1,1,66334.0,1161,4884,82,909,11,218,0,0,23,9,3,5,2,0,5
55,3,1,1,1,35178.0,59,4673,10,23,1,13,2,2,18,1,1,2,1,1,7
43,2,1,1,1,22010.0,33,4766,51,11,2,9,3,0,8,2,0,3,2,0,8
66,2,0,1,2,62204.0,946,4969,38,317,46,247,120,46,126,4,5,12,1,0,3
58,2,0,0,0,75693.0,1442,5149,10,797,81,293,72,81,30,11,4,6,1,3,4
54,2,1,1,1,30675.0,62,4967,14,10,2,16,11,2,21,1,0,3,1,0,8
61,2,1,0,0,83003.0,1674,4885,18,856,61,556,40,25,122,7,6,8,1,1,3
94,4,1,0,0,83532.0,1853,4678,36,755,81,556,104,64,126,4,6,4,1,1,1
38,2,0,0,0,68655.0,1538,5031,95,456,19,556,75,81,38,4,5,11,1,0,3
40,2,0,0,0,41411.0,139,4754,11,37,32,38,11,3,18,2,1,4,1,0,6
57,4,1,1,1,55212.0,1182,4985,65,1103,0,45,0,0,34,4,2,11,3,2,8
76,4,1,1,1,59292.0,507,4783,71,378,14,68,19,14,14,3,5,8,2,0,3
53,0,1,1,1,27190.0,18,4720,13,1,6,7,0,1,3,1,0,2,1,1,8
74,2,0,0,0,82623.0,940,4663,58,204,34,204,120,81,126,2,9,4,1,0,1
61,2,1,1,2,44300.0,42,4773,65,30,0,9,0,0,3,1,0,3,2,0,6
56,2,0,0,0,84835.0,1190,4415,0,189,81,379,111,81,126,4,4,6,1,0,1
55,2,0,1,2,30372.0,44,4953,33,15,0,12,7,3,7,2,0,3,3,0,7
50,3,1,1,1,33181.0,16,4522,90,9,0,3,0,0,4,1,0,2,1,1,6
69,2,1,1,1,71113.0,835,4596,95,495,33,255,11,33,8,6,7,9,4,0,4
40,2,1,1,1,71952.0,1443,4673,93,656,80,455,52,81,93,8,4,8,2,2,4
60,4,0,0,0,69759.0,1029,4646,38,452,20,514,13,30,0,4,6,5,3,0,3
52,2,1,0,0,72099.0,1188,5012,18,546,81,410,119,0,22,3,4,10,1,0,1
50,4,0,1,1,60000.0,1277,4956,57,1048,0,217,0,0,12,11,3,5,5,0,6
48,2,0,1,2,38643.0,49,4614,45,22,2,14,0,1,10,2,0,3,2,0,7
71,2,1,1,1,50737.0,99,4638,61,78,0,11,0,0,10,2,0,4,1,1,6
57,4,1,0,0,68462.0,1670,4966,6,561,64,556,84,81,48,3,3,8,1,0,1
83,3,1,0,0,65073.0,900,4715,65,629,17,177,69,0,8,5,3,5,1,0,2
78,4,1,1,2,46681.0,425,4725,52,269,15,69,15,19,38,4,6,4,2,0,5
69,2,1,0,0,78618.0,2153,5041,87,736,81,556,120,81,61,4,7,10,1,1,2
57,4,0,1,1,62187.0,636,4501,38,512,0,83,0,0,41,6,2,10,3,0,4
48,2,1,1,2,28442.0,57,4527,53,19,3,10,11,8,6,2,1,4,3,0,4
48,4,1,1,1,37717.0,25,4985,31,9,0,6,4,1,5,1,0,2,1,0,9
59,2,1,1,2,51479.0,494,4950,67,247,8,160,6,8,65,6,3,6,7,0,7
57,2,0,1,1,54803.0,693,5079,65,404,0,92,28,27,126,6,2,9,2,0,4
66,2,1,0,0,79530.0,1348,4810,64,333,0,556,120,42,29,4,10,11,1,0,2
50,2,0,1,1,31615.0,51,4872,82,2,3,20,6,11,9,2,0,3,2,0,7
64,2,1,0,0,72025.0,1932,4991,27,833,33,549,120,81,126,4,3,8,1,0,3
51,4,0,1,1,52614.0,990,5301,63,789,0,142,12,9,38,2,4,8,2,0,8
42,1,1,1,1,35684.0,30,4470,66,10,4,7,0,6,3,1,0,3,1,0,6
51,2,1,1,2,48178.0,254,5011,69,159,4,45,6,2,38,5,1,4,6,0,8
56,3,0,1,1,29548.0,29,4706,52,7,1,6,3,1,11,1,1,2,1,1,4
60,2,0,1,1,63810.0,1371,4997,45,977,12,253,16,12,101,4,3,12,4,1,8
54,4,0,1,2,38578.0,73,4774,2,38,4,22,3,3,3,3,0,3,3,0,8
51,3,0,1,2,46098.0,120,5082,86,57,0,27,0,0,36,3,2,2,4,0,8
56,2,0,0,0,22585.0,81,4870,23,3,9,15,13,2,39,1,1,2,1,1,9
37,2,0,1,1,30279.0,37,4948,13,10,4,14,4,4,1,1,0,3,1,0,8
65,4,1,1,1,66426.0,1377,4906,14,1043,24,97,32,24,126,3,5,10,2,0,6
57,2,0,1,1,30822.0,51,4782,92,3,9,13,2,12,12,1,0,3,1,0,7
57,4,1,1,2,33581.0,17,4734,38,11,0,5,0,0,1,1,0,2,1,0,8
41,2,1,1,1,19986.0,22,4629,74,3,6,5,0,2,6,0,0,3,1,0,7
72,2,0,0,0,27421.0,324,4966,14,43,12,96,78,40,55,4,1,6,3,0,7
53,1,1,1,3,35688.0,211,5078,94,73,3,90,12,1,32,4,1,4,7,0,8
45,3,0,1,1,36143.0,19,4493,33,12,0,1,0,0,6,0,1,2,1,0,3
55,2,0,1,1,10245.0,41,4812,32,4,7,7,6,4,13,1,2,2,3,0,5
58,3,1,1,1,43795.0,492,4658,11,314,11,53,4,3,107,7,3,4,3,1,7
66,2,1,1,1,63381.0,1005,5182,78,571,50,142,33,50,126,4,5,13,4,0,2
77,2,1,1,1,38823.0,114,5070,56,70,0,11,2,8,23,2,1,3,1,0,6
58,4,0,1,2,83664.0,1173,4730,57,866,21,151,28,21,86,2,2,12,3,0,5
47,2,1,0,0,90300.0,1738,4522,7,594,81,556,33,81,57,5,6,8,0,1,1
47,3,1,1,1,62499.0,222,4692,0,140,4,61,0,13,4,3,1,6,2,0,4
33,2,0,0,0,74293.0,1127,4487,66,375,81,335,93,81,81,5,4,6,1,0,2
80,4,1,0,0,51012.0,209,4839,86,102,9,63,2,9,24,4,1,4,1,0,6
58,3,1,1,1,70777.0,787,4526,80,554,35,113,0,7,78,5,3,12,3,0,3
35,4,1,0,0,68682.0,1598,4786,56,919,0,505,99,30,45,4,9,10,1,0,2
55,2,1,1,2,43824.0,186,5054,18,96,1,42,12,3,32,3,1,4,4,0,8
42,2,1,1,1,15345.0,47,5069,51,5,2,16,3,2,19,1,1,2,2,0,8
39,2,0,1,1,23442.0,27,4954,71,2,0,6,8,6,5,1,0,3,1,0,7
46,1,1,1,1,14515.0,96,5058,71,6,4,9,6,36,35,2,2,3,4,0,7
70,1,0,1,2,31395.0,64,4865,80,23,1,25,0,8,7,2,1,3,4,0,6
61,2,1,0,0,75276.0,1040,5042,2,610,81,125,120,42,21,9,4,9,1,0,5
52,2,0,1,2,42373.0,163,4720,83,67,5,61,3,8,19,2,1,5,5,0,5
66,2,1,0,0,30507.0,343,4640,29,65,36,74,38,20,110,5,1,4,1,0,7
71,4,0,1,3,55521.0,446,4652,11,416,0,26,0,0,4,6,3,6,9,1,7
61,2,1,1,2,48006.0,41,4333,55,23,0,11,3,2,2,1,0,3,1,0,6
54,4,0,1,1,27213.0,70,5070,19,19,3,26,10,9,3,2,0,4,3,0,8
55,4,0,1,2,65808.0,272,4432,1,155,7,80,13,7,10,5,1,5,3,0,6
52,4,1,1,1,30351.0,46,4790,19,14,0,24,3,3,2,3,0,2,1,0,9
63,2,1,1,2,50437.0,490,5022,28,370,9,92,6,9,4,7,1,8,3,0,7
44,1,0,1,1,23616.0,79,4991,76,4,22,11,3,7,32,3,0,3,2,0,8
50,2,1,1,1,53858.0,915,5058,50,407,53,221,58,81,26,4,3,6,4,0,4
71,4,1,1,1,66465.0,1485,4858,1,1200,0,204,38,29,14,11,9,12,3,1,6
39,2,0,1,1,46923.0,369,5078,90,85,44,54,102,78,6,5,1,7,3,0,7
64,2,1,1,1,75072.0,1073,4924,83,583,34,309,0,22,125,5,4,8,2,0,3
83,4,1,0,0,75865.0,1242,4492,73,483,0,556,120,0,12,3,5,10,1,0,1
51,1,1,1,1,19789.0,78,4623,24,2,5,9,28,6,28,2,1,3,3,1,5
32,2,1,0,0,80134.0,1378,4537,11,966,26,282,52,26,26,2,7,11,1,4,5
45,2,0,0,0,91065.0,1474,4894,33,822,81,108,120,81,114,7,9,9,1,2,3
55,3,1,1,2,49505.0,751,4824,4,604,0,100,19,0,28,10,2,8,9,0,8
53,4,1,1,1,37401.0,48,4426,14,19,3,19,3,1,3,2,0,3,2,0,7
43,2,1,1,1,30096.0,45,4440,30,5,3,11,12,5,9,2,0,3,1,0,6
44,3,1,1,1,18492.0,10,4456,75,2,2,2,2,1,1,1,0,2,1,0,8
52,3,1,0,0,82584.0,1435,4851,26,1076,68,103,29,81,68,3,4,8,1,2,1
85,4,1,0,0,93027.0,2119,4844,77,1225,42,556,55,0,21,7,10,5,0,1,2
73,2,1,1,3,48686.0,20,4845,8,10,0,7,2,0,1,1,0,2,1,0,8
40,2,1,0,0,92910.0,1795,4468,42,551,81,556,120,81,33,6,7,13,1,3,1
37,2,1,1,1,75433.0,1188,4458,28,800,0,297,0,34,57,2,5,10,2,2,6
37,1,1,1,1,10404.0,43,4487,52,2,2,11,10,6,12,1,0,4,2,0,5
58,2,1,1,1,61314.0,1008,4832,1,378,0,189,97,81,126,5,5,12,2,0,3
65,4,0,0,0,84865.0,1688,4699,1,1225,16,349,43,16,16,2,4,9,1,4,4
37,2,1,1,1,42387.0,684,5010,42,235,0,235,19,4,126,8,1,7,5,0,8
59,1,1,1,2,67309.0,1082,4924,76,515,47,181,120,81,95,9,6,9,15,0,7
62,2,1,1,1,75236.0,1068,4618,27,438,66,400,12,38,114,8,3,13,1,0,4
56,2,0,1,1,30015.0,57,4549,28,25,0,22,2,3,5,1,0,4,2,0,5
70,3,1,1,1,50943.0,46,4775,49,31,0,7,2,0,6,1,0,3,1,0,5
60,2,0,1,1,67272.0,733,4592,12,357,35,271,28,28,14,6,2,12,3,0,5
77,3,0,1,1,51529.0,467,4757,14,400,4,35,6,0,22,9,1,5,2,0,8
55,4,1,1,1,32011.0,122,4713,89,99,0,15,2,1,5,2,1,4,3,0,7
40,1,1,1,1,7500.0,36,4764,96,1,11,5,4,6,9,2,0,3,2,0,8
37,2,1,1,1,28691.0,34,4850,56,5,4,13,8,0,4,1,0,3,1,0,8
78,4,1,1,1,56223.0,156,4593,72,77,28,31,16,0,4,2,1,5,2,0,4
80,2,1,0,0,18100.0,14,4788,14,3,1,2,4,3,1,0,0,3,1,0,5
37,2,0,1,1,30279.0,37,4948,13,10,4,14,4,4,1,1,0,3,1,0,8
52,1,1,0,0,20130.0,34,4506,99,0,6,3,7,6,12,1,0,3,1,0,8
67,2,0,0,0,23295.0,20,4753,72,0,0,1,2,12,5,1,0,2,1,0,8
54,3,0,1,1,42618.0,192,4694,92,76,14,74,13,5,10,5,0,4,2,0,8
62,2,0,0,0,81246.0,1379,4584,87,398,81,537,61,81,37,4,5,7,1,2,1
50,2,1,1,1,24027.0,48,4698,7,14,7,11,11,0,5,2,0,3,2,0,8
73,4,1,1,1,55707.0,428,4591,91,208,7,82,30,66,35,3,2,9,2,0,3
71,2,0,1,1,57959.0,868,4911,71,430,16,322,43,24,33,4,7,11,5,0,3
57,2,1,1,1,56796.0,1001,4900,24,656,38,161,62,47,37,8,9,7,3,0,7
55,3,0,1,1,36230.0,59,4657,17,14,2,30,8,2,3,2,0,4,1,0,5
46,1,1,1,2,70829.0,431,4935,87,141,70,106,72,19,23,4,2,8,2,0,3
50,2,1,1,1,65991.0,971,5122,21,507,19,364,25,47,9,9,5,10,3,0,7
54,2,1,1,3,38988.0,348,5080,90,164,24,103,12,3,42,5,1,6,7,0,8
60,1,0,0,0,89572.0,2059,5054,44,606,24,556,120,81,64,7,7,9,1,2,4
42,3,1,1,1,42207.0,265,4943,71,116,11,72,3,17,46,4,1,5,4,1,6
74,2,1,1,1,50300.0,270,4437,52,143,15,60,24,23,5,2,1,8,2,0,2
44,1,1,0,0,66664.0,1289,5044,78,398,81,447,120,81,32,5,7,6,1,0,3
62,2,1,1,1,60597.0,893,4581,2,522,0,257,32,16,66,2,2,8,4,1,7
77,2,0,0,0,70165.0,926,4682,60,161,0,253,120,81,122,3,7,11,1,0,1
68,4,0,1,1,50520.0,135,4554,25,112,0,6,2,1,14,3,1,3,2,0,6
63,2,1,0,0,80124.0,1495,4405,47,483,81,398,120,81,126,3,7,8,1,1,1
51,2,1,1,1,33183.0,120,4527,46,7,5,39,17,15,37,4,0,3,2,0,7
57,4,0,0,0,66582.0,1288,4520,83,789,25,420,16,38,0,2,8,9,1,0,1
71,4,1,0,0,75261.0,1743,4834,17,1225,17,413,23,34,17,5,6,5,1,2,2
56,2,0,1,1,31880.0,15,5008,13,4,1,5,2,0,3,1,0,2,1,0,8
75,2,1,1,2,53790.0,542,4428,86,335,42,127,28,5,5,7,2,8,3,0,6
55,4,1,1,1,49269.0,890,5085,92,639,8,166,11,8,58,7,3,12,3,0,7
51,2,1,1,1,61456.0,1388,4861,47,563,76,384,84,81,89,6,10,13,4,0,4
46,2,1,1,1,37406.0,17,4664,18,2,0,8,2,2,3,1,0,2,1,0,8
45,4,1,1,1,56937.0,906,5214,81,746,8,125,11,8,8,8,6,9,7,1,6
48,2,1,1,2,38415.0,44,4915,91,22,1,13,4,0,4,1,0,3,2,0,7
38,2,0,1,1,20518.0,25,4444,58,4,1,6,4,1,9,1,1,2,1,0,5
70,2,1,1,1,62503.0,973,4898,40,478,0,193,110,75,117,8,3,11,4,0,5
54,4,0,1,2,41644.0,31,4334,67,20,3,4,2,0,2,1,0,3,2,0,3
49,3,1,1,1,55842.0,518,4439,19,451,0,39,0,4,24,7,1,8,1,0,5
54,4,1,1,1,62010.0,530,5016,93,371,22,39,6,0,92,6,2,7,4,0,5
49,2,1,1,1,41124.0,506,5008,41,281,7,84,15,0,119,7,3,4,7,0,8
53,3,1,1,1,38961.0,70,4583,60,19,7,19,0,1,24,2,1,2,1,0,7
54,3,0,1,1,37760.0,54,4635,54,26,3,13,2,10,0,2,0,3,1,0,6
52,2,0,1,1,32233.0,296,5081,26,138,15,35,25,11,72,6,2,2,2,1,9
51,2,1,1,1,43057.0,266,4644,30,213,2,44,0,2,5,4,2,5,4,0,5
66,3,1,0,0,83151.0,747,5029,93,407,28,100,120,74,18,5,9,4,1,0,3
62,4,0,0,0,78825.0,895,5055,35,483,74,114,120,37,18,5,10,13,1,0,3
50,3,1,1,1,65104.0,1053,4629,4,738,0,232,13,20,50,3,5,7,2,0,7
52,2,1,1,1,60093.0,735,4770,92,502,12,109,16,6,90,7,2,10,2,0,6
57,2,1,1,1,14045.0,20,4556,24,11,0,5,2,1,1,1,0,3,1,0,7
74,1,0,0,0,28457.0,205,5011,96,24,1,108,29,29,14,4,1,4,1,0,8
68,4,1,1,1,78952.0,2092,5045,11,1170,19,556,99,76,126,2,5,12,2,0,6
50,2,0,1,1,46310.0,309,5241,99,185,2,88,15,5,14,6,1,5,2,0,8
71,2,1,0,0,76005.0,1722,4894,72,983,20,389,120,50,40,3,5,13,1,1,6
62,3,0,1,1,58308.0,900,4612,77,691,0,69,10,0,126,2,6,3,4,0,8
82,4,0,0,0,55614.0,682,4616,85,504,13,131,8,0,26,9,4,6,1,1,7
64,3,0,1,1,59432.0,663,4844,88,317,25,265,25,19,12,5,3,11,3,0,5
48,2,0,1,1,55563.0,43,4458,22,29,1,9,2,0,2,2,0,3,1,0,3
55,4,1,1,1,78642.0,1816,4836,83,1225,0,322,46,35,17,4,9,4,1,0,6
77,4,1,1,1,67911.0,976,4440,63,529,0,356,63,28,0,6,7,11,3,0,3
82,2,1,0,0,65275.0,746,4884,9,388,14,218,91,14,21,4,3,13,1,0,2
76,2,1,1,2,27203.0,64,5153,92,13,2,21,4,0,24,1,1,2,2,0,8
65,3,1,1,1,48330.0,32,4628,2,28,0,4,0,0,0,1,0,3,1,0,5
36,0,1,0,0,24279.0,263,4949,6,16,36,21,20,62,108,4,1,3,1,0,8
41,4,1,1,1,64355.0,1445,5076,66,1047,0,140,67,38,126,4,3,12,2,0,8
70,3,1,1,1,50943.0,46,4775,49,31,0,7,2,0,6,1,0,3,1,0,5
73,2,0,0,0,53653.0,1210,5120,29,815,10,239,28,10,108,10,4,12,2,0,6
50,2,1,1,1,65665.0,945,4904,77,225,81,387,106,36,29,5,10,8,1,0,3
37,2,0,0,0,81217.0,1157,4747,77,493,70,324,120,40,84,3,7,11,1,0,1
34,2,1,0,0,34935.0,137,4775,71,34,4,66,3,10,20,2,1,4,1,0,7
67,2,0,1,1,61250.0,730,4962,49,382,81,65,60,26,59,5,2,12,6,0,5
45,4,1,1,1,39665.0,216,4802,97,127,1,56,0,1,31,4,2,3,3,1,7
47,2,0,1,1,60152.0,943,4860,6,325,81,300,86,58,91,6,4,12,1,0,3
62,2,1,1,2,48920.0,347,4654,93,238,17,68,8,10,6,6,2,5,3,1,7
67,3,1,0,0,89120.0,1924,4506,78,1168,81,408,72,81,55,5,6,7,1,1,1
80,4,1,1,1,44124.0,397,4638,62,284,0,55,0,6,52,6,2,5,4,0,8
51,3,0,0,0,81169.0,2089,4843,47,1225,20,556,80,61,27,5,7,9,1,0,2
65,2,1,1,2,36443.0,138,4886,9,65,0,46,4,3,20,3,1,3,4,0,8
36,2,0,1,1,26095.0,42,4766,77,11,7,9,3,1,11,1,0,3,1,0,7
67,2,1,0,0,71367.0,777,4712,24,227,23,389,42,21,75,4,5,7,1,0,2
82,3,1,0,0,80184.0,1902,4579,19,1035,81,556,25,38,0,6,3,10,1,2,3
61,2,0,1,2,30630.0,52,4555,67,27,1,12,2,0,10,2,0,3,2,0,7
39,3,0,0,0,73454.0,1651,4579,95,982,73,351,56,14,126,2,4,6,1,1,5
35,2,1,0,0,42691.0,358,4719,48,179,2,64,38,17,58,5,1,6,1,0,5
73,2,1,0,0,70503.0,1727,5039,73,1225,33,216,0,33,66,2,4,9,1,2,6
39,2,1,1,1,25545.0,210,5091,35,32,1,64,16,12,85,2,2,3,3,0,6
40,2,1,1,1,32880.0,42,5210,76,8,4,15,7,6,2,1,0,3,1,0,8
68,4,1,0,0,77863.0,1291,4616,20,881,38,319,16,25,12,4,5,10,1,0,2
49,3,1,0,0,50353.0,442,4364,72,141,15,153,67,31,35,4,4,6,1,0,3
62,2,0,0,0,61839.0,1895,4970,20,1000,81,379,120,17,120,4,8,4,1,0,8
66,4,1,1,2,49154.0,411,4877,69,206,10,67,30,27,71,4,1,8,6,0,6
51,1,0,1,1,47682.0,521,4901,80,162,61,83,97,57,61,4,3,8,4,0,5
57,2,0,1,1,72679.0,1168,4686,65,619,54,260,120,54,54,4,7,5,1,0,1
49,3,1,1,2,57954.0,493,4413,52,456,4,24,0,0,9,8,2,6,7,1,7
64,2,1,1,2,65316.0,260,4833,65,112,6,92,3,9,38,3,2,5,2,0,4
44,2,0,1,1,28567.0,46,4779,57,11,3,22,2,2,6,2,0,3,2,0,6
75,3,1,1,1,47352.0,319,4639,70,172,12,112,8,0,15,6,1,5,4,0,7
59,2,1,1,1,44931.0,96,4564,0,78,0,11,0,0,7,2,1,3,1,0,5
59,2,0,0,0,76982.0,1062,4536,19,464,81,292,65,60,30,8,3,4,1,1,4
74,1,1,1,1,57247.0,232,4727,50,99,4,32,37,54,6,2,1,7,2,0,2
45,3,0,1,1,22944.0,76,4590,67,19,3,19,4,5,26,3,0,3,3,0,7
49,1,1,1,1,25315.0,54,4755,46,1,9,8,11,3,22,3,0,3,3,0,8
57,2,0,1,1,43638.0,201,5153,37,63,10,83,7,19,19,4,1,4,2,0,7
42,4,0,1,1,42710.0,406,4980,38,252,3,42,4,3,102,4,5,3,2,0,6
44,4,1,0,0,84169.0,1919,4758,9,1225,19,403,0,19,0,7,6,6,1,2,3
50,2,1,1,1,54058.0,662,4851,56,198,18,252,32,81,54,4,6,8,2,0,3
36,1,1,1,1,24683.0,41,4367,98,8,4,10,6,7,6,2,0,4,2,0,5
62,2,0,0,0,85620.0,1600,4400,68,416,46,556,60,81,46,3,6,4,1,0,1
46,2,1,1,1,47850.0,134,4876,72,42,7,43,20,12,10,3,0,4,1,0,6
58,2,1,1,2,19514.0,69,4556,47,14,3,21,2,1,28,3,1,2,4,1,8
53,3,1,1,2,27159.0,21,4494,33,17,0,3,0,0,1,1,0,3,2,0,6
63,1,0,1,2,39548.0,54,4492,87,15,4,10,3,4,18,1,1,3,2,0,3
37,2,0,1,1,21474.0,91,4366,0,6,16,24,11,0,34,3,1,2,2,1,7
55,4,0,1,1,60504.0,526,4399,73,458,0,24,6,4,34,6,2,8,2,0,6
63,2,1,0,0,22419.0,162,4839,74,30,3,47,19,21,42,3,2,2,1,0,8
77,3,1,0,0,81698.0,1008,4785,4,179,28,520,111,81,47,3,8,13,1,0,1
74,2,1,1,2,43462.0,240,4969,50,90,17,97,15,6,15,4,1,5,6,0,8
48,4,0,1,1,54880.0,795,4944,57,308,81,137,102,45,118,6,2,11,2,0,5
44,2,1,0,0,79908.0,1772,4823,30,557,81,556,29,81,111,5,6,7,1,1,2
56,1,1,0,0,15315.0,64,4880,27,7,4,13,15,8,17,2,0,4,2,0,5
67,2,1,1,1,87771.0,1957,4805,61,1225,38,287,50,57,33,5,10,4,1,4,6
48,2,1,1,1,33039.0,78,4695,4,30,8,12,8,8,12,2,0,4,1,0,5
46,2,0,0,0,81741.0,1572,4780,75,249,81,556,58,81,38,6,6,7,0,0,2
55,3,1,1,1,71499.0,795,4771,12,465,25,132,120,0,37,8,3,13,2,0,4
56,1,1,1,1,62466.0,889,4567,13,129,81,259,120,81,83,6,3,12,5,0,4
63,4,0,1,1,48799.0,331,4816,9,174,18,81,28,6,24,3,2,7,3,0,3
76,4,1,1,1,52157.0,265,4395,48,189,2,29,3,2,40,3,2,5,2,0,4
64,2,0,1,1,66565.0,1065,5180,80,747,10,161,65,40,42,4,2,9,4,0,8
75,3,1,1,2,29298.0,11,4757,60,6,0,2,2,0,1,1,0,2,1,0,5
47,2,0,1,1,47691.0,21,4820,43,14,0,3,0,0,4,1,0,2,1,0,6
56,2,1,1,2,38200.0,17,5119,19,12,0,4,0,0,1,1,0,2,1,0,7
52,2,1,1,1,44989.0,369,4969,26,98,0,106,49,10,106,5,1,5,5,0,6
58,4,1,1,2,38443.0,38,4555,58,32,0,5,0,0,1,1,0,3,2,0,7
48,1,0,1,1,38593.0,177,4691,42,51,12,49,17,24,24,4,1,3,3,0,8
56,4,1,1,1,64413.0,279,4939,27,200,5,44,0,10,20,5,1,5,1,0,5
45,3,1,1,1,36959.0,62,4906,56,25,6,25,6,0,0,2,0,3,2,0,8
49,4,1,1,1,61996.0,1230,4916,27,1050,12,144,0,0,24,6,4,8,3,3,5
58,2,1,1,2,51287.0,182,4578,10,117,0,22,13,0,30,4,1,3,3,0,7
56,2,1,1,2,13260.0,49,4712,48,9,4,17,10,2,7,3,0,3,4,0,8
60,4,1,1,2,47472.0,75,4688,39,56,0,11,0,0,8,2,0,4,2,0,5
70,3,1,1,2,54603.0,227,4697,85,145,13,46,17,2,4,4,2,4,6,0,7
52,4,1,1,2,45207.0,215,5028,64,203,0,10,0,0,2,3,1,6,5,1,6
75,2,1,1,1,40689.0,444,4870,69,270,3,27,39,6,99,7,1,5,7,0,8
59,1,1,1,2,47821.0,47,4654,54,9,0,16,6,6,10,1,0,3,1,0,8
75,3,1,0,0,27450.0,143,4842,57,37,12,23,8,11,52,2,1,3,1,0,7
43,2,1,1,1,39453.0,55,4519,64,46,0,7,0,0,2,2,0,3,2,0,6
55,1,1,1,2,26850.0,63,4474,10,31,1,13,7,2,9,2,1,4,4,0,4
71,2,0,0,0,79800.0,1867,5046,65,1060,21,530,32,0,126,5,11,5,1,3,3
65,3,1,1,1,61794.0,611,4690,74,264,47,188,54,47,11,4,4,10,2,0,2
71,2,1,1,1,53863.0,473,4445,4,399,4,30,6,4,30,7,1,7,3,1,7
67,2,1,0,0,24221.0,55,4715,94,8,9,9,2,5,22,1,1,3,1,0,4
42,4,0,1,1,39684.0,81,4968,41,19,0,35,6,4,17,2,1,2,2,0,7
51,3,1,0,0,92163.0,2086,4966,25,817,81,556,106,81,20,5,11,5,0,2,2
61,3,0,0,0,69882.0,1478,4663,94,292,81,556,120,81,126,3,7,9,1,0,1
49,2,1,1,1,33178.0,49,4552,9,12,6,2,11,2,16,1,0,3,1,0,4
54,4,1,0,0,59973.0,382,4634,47,130,30,168,20,34,0,3,4,7,1,0,1
51,3,1,1,1,17459.0,69,4685,12,6,4,16,3,10,30,3,1,2,3,0,7
57,2,0,1,1,23910.0,67,5013,80,16,12,18,7,1,13,2,0,3,1,0,7
57,3,1,1,2,42169.0,30,4655,20,19,0,9,0,0,2,1,0,3,2,0,8
48,1,1,1,1,26224.0,63,4851,39,4,7,15,13,9,15,2,1,3,3,0,6
45,2,1,1,1,31089.0,79,5083,57,31,3,31,2,8,4,3,0,4,3,0,8
65,2,0,1,1,30081.0,42,4895,27,36,0,2,0,0,4,1,0,3,1,0,7
66,2,1,1,1,62807.0,819,5069,83,526,28,135,10,21,99,5,3,12,3,0,5
71,2,0,0,0,72906.0,1151,4687,79,400,32,519,71,75,54,3,4,9,1,0,1
78,4,1,1,2,61467.0,594,5057,69,410,16,114,0,5,49,5,2,10,3,0,5
60,3,1,1,2,49618.0,129,4921,77,80,3,26,4,2,14,3,1,3,4,0,7
40,3,0,1,1,21888.0,213,4949,15,88,10,46,2,3,64,5,1,2,4,0,10
53,2,0,1,1,42429.0,67,4276,99,55,0,6,2,0,4,1,1,3,2,0,5
70,2,0,1,3,26150.0,28,4640,61,5,1,13,3,5,1,1,0,3,1,0,7
51,0,1,1,1,30801.0,45,5013,23,8,4,5,15,2,11,1,0,3,2,0,7
61,2,1,0,0,81168.0,1193,4396,84,410,0,556,120,22,22,6,4,7,1,1,3
57,3,0,0,0,26877.0,268,4716,74,101,13,76,20,18,40,3,1,6,2,0,6
82,3,0,0,0,45006.0,266,4748,90,162,25,53,16,0,10,3,1,7,1,0,3
53,0,1,1,1,18978.0,37,4996,41,2,8,1,4,7,15,1,0,3,1,0,8
59,2,1,1,3,22574.0,37,4646,28,25,0,8,2,0,2,2,0,3,2,0,7
57,4,0,0,0,48240.0,882,5058,73,389,81,248,64,49,41,6,3,13,3,0,5
52,2,1,1,2,45837.0,373,4740,88,215,13,87,17,17,24,6,2,5,5,0,7
61,3,0,1,3,35791.0,35,4791,94,27,0,5,0,0,3,1,0,3,2,0,8
50,4,1,1,2,118350.5,107,4882,31,85,1,16,2,1,2,0,0,1,0,0,1
48,2,0,1,2,54162.0,42,4870,31,5,6,10,6,5,10,1,0,3,1,0,4
66,3,1,1,1,30522.0,326,5083,6,179,8,83,19,11,26,1,2,9,5,0,2
65,4,1,1,1,54456.0,404,4636,23,352,0,27,10,0,15,6,1,7,3,0,6
55,2,0,0,0,31632.0,95,4752,92,17,8,12,11,15,32,2,1,2,1,0,7
77,2,0,0,0,72298.0,939,4306,52,625,35,169,58,17,35,4,3,6,1,2,1
48,1,0,1,1,36975.0,33,4585,50,10,6,11,0,4,2,1,0,3,1,0,7
71,1,1,0,0,72635.0,981,4882,54,390,22,323,104,35,107,6,8,6,1,1,3
50,2,1,1,1,13624.0,36,4927,93,10,2,15,2,1,6,2,0,3,2,0,6
51,2,0,1,1,84196.0,1237,4882,56,215,63,507,120,31,126,8,4,7,1,0,3
66,2,1,1,1,70971.0,1825,5048,28,1001,17,556,93,81,17,11,11,5,7,0,7
49,4,0,1,2,34487.0,103,5152,94,19,18,33,24,1,8,3,0,3,3,0,9
49,2,0,1,1,28769.0,191,4960,76,41,5,129,10,3,3,4,1,4,3,0,9
56,4,1,1,1,69084.0,1586,4624,43,1181,81,199,39,30,30,7,3,13,2,0,8
68,4,1,0,0,65488.0,963,4418,46,603,45,207,36,18,54,3,4,6,1,0,1
56,1,1,1,1,62466.0,889,4567,13,129,81,259,120,81,83,6,3,12,5,0,4
66,1,0,0,0,32218.0,93,4536,27,10,24,15,13,1,30,2,1,3,1,1,7
53,2,0,0,0,83917.0,1587,4839,12,514,22,556,42,81,79,6,7,7,1,0,3
64,2,0,1,3,46102.0,16,4306,3,14,0,1,0,0,1,1,0,2,1,0,7
74,2,0,0,0,84574.0,1375,4851,72,387,20,556,38,54,126,9,11,11,1,0,5
64,2,1,1,1,56181.0,393,4734,6,121,81,69,8,44,48,4,2,7,1,0,4
76,3,0,1,1,63120.0,1477,5041,53,965,69,279,54,41,69,8,4,9,5,0,7
55,2,1,1,1,73691.0,1179,4785,58,707,21,250,85,43,73,6,2,8,2,1,2
66,2,1,1,1,63381.0,1005,5182,78,571,50,142,33,50,126,4,5,13,4,0,2
78,4,1,0,0,76140.0,1348,4449,57,586,66,556,17,0,26,5,9,6,1,0,2
67,4,0,1,1,62859.0,1307,4948,37,1063,81,102,16,12,25,9,4,6,4,0,6
62,2,0,1,1,45906.0,486,4761,20,305,3,27,4,3,126,5,4,4,2,1,5
79,3,1,0,0,77632.0,2252,4671,73,1200,81,556,0,42,126,4,2,6,1,2,2
55,4,1,1,2,46463.0,235,4717,56,163,2,40,8,11,11,3,1,6,7,0,6
56,2,1,0,0,105471.0,1724,4926,36,1009,81,104,120,21,126,9,8,13,0,2,3
56,3,0,1,1,55282.0,235,4600,9,125,6,73,8,4,19,3,1,6,1,0,4
49,3,1,1,1,78710.0,1092,4439,42,721,0,152,119,50,50,7,6,12,3,0,4
68,2,1,1,1,66886.0,599,4688,28,315,4,62,41,31,126,7,1,7,2,0,5
66,3,0,0,0,98777.0,2008,4534,23,1000,19,556,120,81,38,4,6,9,0,1,1
41,2,1,1,1,29103.0,48,5073,38,16,0,17,6,3,6,1,0,3,2,0,9
52,2,1,1,1,67445.0,1174,4970,63,757,80,217,29,80,11,9,6,12,5,0,6
76,4,1,1,1,50616.0,67,4479,71,30,2,25,0,1,9,1,1,4,1,0,2
71,2,0,1,1,49431.0,365,5245,9,219,3,100,26,0,17,7,1,5,2,0,8
51,2,0,0,0,118350.5,6,4399,81,1,1,1,1,1,1,0,0,0,0,0,0
73,2,1,1,1,61278.0,165,4491,87,111,3,28,2,6,15,3,1,4,2,0,6
68,1,1,0,0,26490.0,210,5047,92,45,47,52,21,20,25,3,1,5,2,0,6
79,4,1,1,1,73059.0,1095,4704,36,410,81,420,0,81,71,9,3,13,1,0,4
60,4,0,1,3,46734.0,223,4653,86,100,1,39,6,1,76,3,2,3,4,1,6
63,2,1,1,1,56253.0,597,5119,83,509,0,65,7,11,5,7,2,9,4,0,6
41,2,1,1,1,19986.0,22,4629,74,3,6,5,0,2,6,0,0,3,1,0,7
51,2,0,1,1,58330.0,1064,4588,87,445,53,213,104,81,126,6,4,13,1,0,4
46,0,1,0,0,25965.0,74,5122,29,2,2,11,41,7,11,2,0,3,1,0,8
70,3,1,0,0,14661.0,26,4946,88,4,1,11,6,2,2,1,0,3,1,0,6
67,2,1,0,0,18690.0,60,4950,77,6,1,7,23,4,19,1,1,2,1,0,8
52,4,1,1,1,45068.0,20,4811,25,14,0,3,0,0,3,1,0,2,1,0,7
39,0,0,1,1,21063.0,59,4679,34,1,10,11,19,3,15,2,0,3,2,0,6
58,4,1,1,1,29187.0,34,4699,43,26,0,6,0,0,2,1,0,3,1,0,8
55,1,1,1,2,54690.0,198,4755,76,111,16,37,7,9,18,3,1,5,3,0,3
62,4,1,1,1,59304.0,1048,4737,81,418,61,428,80,51,10,7,8,10,3,0,5
64,3,0,1,2,59247.0,574,4724,87,327,9,122,19,14,83,5,2,9,5,0,6
56,2,0,1,1,66731.0,1029,4969,33,371,81,194,58,81,126,4,3,6,4,0,3
46,2,1,1,1,77353.0,670,4597,38,275,59,107,69,81,59,6,4,8,2,0,4
51,4,0,1,1,52614.0,990,5301,63,789,0,142,12,9,38,2,4,8,2,0,8
52,2,1,1,2,26751.0,11,4440,26,1,1,5,0,3,1,1,0,2,1,0,8
63,4,1,1,1,81300.0,1241,5009,17,1004,12,145,32,12,36,10,3,5,3,1,5
47,2,0,0,0,70337.0,576,4550,75,187,81,149,25,43,91,2,2,12,1,0,1
41,1,1,1,1,36145.0,172,4780,13,56,4,76,17,1,18,4,1,3,4,1,9
46,4,0,0,0,65295.0,664,4590,19,365,32,117,34,81,6,3,3,13,1,0,2
63,2,0,1,1,68118.0,928,4656,51,595,23,123,10,23,126,8,9,4,2,0,6
59,2,0,0,0,68743.0,2074,5070,81,1132,81,384,120,81,115,11,5,13,1,0,7
44,1,1,0,0,41039.0,467,4741,32,34,11,137,120,61,45,8,1,5,1,0,8
71,2,1,1,1,38946.0,257,4650,84,116,6,82,6,6,41,3,1,6,2,0,5
59,2,1,0,0,65777.0,1146,4594,87,565,32,435,28,32,54,2,8,6,1,0,1
50,4,0,1,1,66476.0,689,4763,99,372,18,126,47,48,78,5,2,11,2,0,4
54,4,0,0,0,86857.0,2114,4969,96,899,81,556,120,81,40,5,6,10,1,0,2
44,4,1,0,0,118350.5,1717,5214,21,55,16,556,17,3,4,0,28,1,15,0,0
37,4,1,0,0,77845.0,1346,4446,40,760,40,480,0,40,26,3,5,12,1,2,1
57,4,1,0,0,69476.0,1044,4674,3,260,81,556,63,9,67,4,6,4,1,0,2
66,4,0,1,1,50611.0,493,5212,98,459,0,24,6,0,4,4,5,7,6,1,6
56,2,0,0,0,61209.0,957,4710,73,466,0,224,119,49,99,5,3,4,1,0,2
68,3,1,1,1,42315.0,270,4606,90,67,15,80,17,11,80,1,4,4,3,0,3
74,0,1,0,0,13084.0,29,4905,29,2,0,7,3,7,10,1,0,3,1,0,6
77,3,0,1,2,47570.0,121,4798,3,67,1,20,0,2,31,2,2,2,3,0,7
65,3,1,1,2,61923.0,126,4740,94,92,4,18,3,3,6,2,1,4,1,0,3
31,2,0,0,0,34824.0,23,4497,65,4,2,11,2,0,4,1,0,2,1,0,6
77,4,0,1,2,26518.0,57,4731,33,20,1,28,3,3,2,2,0,3,3,0,8
65,2,0,0,0,45938.0,636,4877,46,273,11,178,62,81,29,8,4,6,2,0,6
66,2,1,0,0,78468.0,1004,4335,29,434,22,388,104,22,34,10,7,10,1,1,4
53,2,0,1,1,78901.0,734,4687,99,321,11,309,33,26,34,9,3,5,3,0,4
48,2,1,1,2,71427.0,614,4245,26,212,81,177,15,64,23,8,2,8,2,0,4
48,2,0,1,1,71022.0,1453,4276,30,909,12,278,0,12,126,5,2,11,3,1,8
38,3,0,0,0,90247.0,1621,4463,27,1184,32,352,21,16,16,3,4,7,1,3,1
58,3,0,1,1,41335.0,187,4587,24,112,19,21,16,14,5,4,1,4,3,0,7
40,2,1,1,1,71952.0,1443,4673,93,656,80,455,52,81,93,8,4,8,2,2,4
56,4,0,1,1,35682.0,57,4404,34,23,0,8,6,2,18,1,1,3,1,0,2
75,2,0,1,1,43185.0,637,4670,88,537,6,42,16,6,30,9,3,6,2,0,8
78,4,1,1,1,66375.0,948,4622,96,712,0,45,0,0,126,2,4,5,3,1,7
55,3,1,1,1,35178.0,59,4673,10,23,1,13,2,2,18,1,1,2,1,1,7
40,2,1,1,1,25252.0,18,4606,26,1,3,4,2,2,6,1,0,2,1,0,8
61,3,0,1,1,55250.0,903,5018,49,664,58,83,32,0,66,7,5,10,4,0,5
51,2,0,1,1,33249.0,112,4896,11,6,10,21,19,14,42,2,1,3,2,0,6
73,2,1,0,0,58398.0,596,4813,44,299,5,201,21,21,49,5,4,8,3,0,4
44,2,1,1,1,50272.0,233,4758,75,99,13,66,43,8,4,4,1,5,3,0,7
51,4,1,0,0,76618.0,1511,5119,64,749,40,294,120,81,126,3,2,5,1,0,1
66,1,0,0,0,87305.0,1152,5046,19,345,25,501,63,81,80,5,3,8,1,1,2
48,2,1,1,1,25851.0,48,4641,45,9,4,18,7,5,5,2,0,3,2,0,7
56,2,0,1,1,58710.0,1185,4857,77,440,81,368,0,81,126,11,5,9,6,0,6
68,2,0,1,2,45160.0,21,4494,9,8,2,5,3,0,3,1,0,2,1,0,7
61,3,1,1,1,74806.0,965,4959,1,670,9,249,0,28,9,5,4,5,2,0,4
72,2,1,0,0,59111.0,869,4911,90,524,0,134,28,28,126,11,1,8,1,0,7
42,4,1,1,1,18988.0,16,4439,43,6,0,6,2,1,1,1,0,3,2,0,7
61,2,1,0,0,72190.0,1947,4903,79,597,81,556,120,81,126,5,6,4,1,0,3
50,2,1,1,1,7500.0,71,5305,19,7,0,12,13,7,32,4,1,2,5,1,9
60,2,1,1,1,44794.0,65,4364,99,54,0,7,0,0,4,2,0,3,1,0,6
71,2,1,0,0,80395.0,1380,4620,62,445,25,556,80,76,48,6,5,12,1,1,2
50,3,0,0,0,75012.0,1027,4557,41,294,81,218,120,58,126,3,8,11,1,0,1
61,3,1,1,3,56962.0,411,4633,60,292,3,77,10,3,26,6,3,5,7,0,7
35,2,1,0,0,89891.0,836,4842,17,412,22,132,59,28,126,11,6,8,1,1,4
77,4,0,1,2,35946.0,11,4677,24,8,0,3,0,0,0,0,0,3,1,0,5
73,4,1,1,2,53593.0,480,5123,60,349,4,78,6,0,43,7,2,6,8,0,8
48,2,1,1,2,66373.0,606,4607,57,328,9,124,12,24,109,4,2,10,7,0,3
78,4,0,1,3,45072.0,284,4658,74,144,2,99,7,2,30,6,1,4,5,0,8
53,2,0,1,2,89694.0,1472,4694,22,1126,28,211,37,28,42,4,3,4,3,3,5
77,2,1,0,0,72025.0,1677,4463,46,967,0,556,43,50,0,4,8,13,1,3,2
53,2,1,1,1,67432.0,1335,4859,69,432,79,341,120,81,126,8,5,4,2,0,4
74,3,1,1,1,70545.0,334,4517,29,138,39,63,55,18,21,4,1,7,1,0,2
37,0,1,1,1,17487.0,18,4870,37,0,0,1,7,4,6,1,0,2,1,0,7
57,2,1,1,1,62882.0,1338,5061,26,509,81,497,78,24,97,7,5,6,2,0,4
73,4,0,1,1,64108.0,1099,4865,8,948,10,86,13,21,21,6,9,11,4,0,5
70,3,1,1,2,34941.0,97,4793,26,39,2,25,4,3,24,3,0,3,2,0,8
76,4,0,1,3,48767.0,63,4581,79,28,1,21,3,0,10,2,1,3,3,0,5
48,1,1,1,1,38702.0,109,4939,71,13,11,24,13,8,40,3,0,4,2,0,6
62,2,1,0,0,82224.0,902,4557,83,307,26,360,120,31,40,6,9,5,1,1,3
74,2,1,0,0,83844.0,1574,4608,57,901,31,345,75,31,126,4,4,11,1,1,1
51,1,1,1,1,17003.0,38,4692,37,2,5,12,4,8,7,2,0,4,3,0,5
31,2,0,0,0,71163.0,960,4336,30,283,17,372,120,81,44,3,8,12,1,0,1
56,2,0,1,1,33697.0,28,4689,34,4,3,7,0,3,11,1,0,2,1,1,7
72,1,1,0,0,63564.0,1215,4553,0,769,80,252,15,34,65,10,10,7,1,1,6
54,4,1,0,0,83443.0,1497,4582,89,518,42,556,55,56,84,6,10,5,1,0,2
68,4,1,1,1,51518.0,449,4878,92,350,8,66,17,4,4,3,2,10,2,0,3
51,2,0,1,1,58330.0,1064,4588,87,445,53,213,104,81,126,6,4,13,1,0,4
57,2,1,0,0,80952.0,1757,4888,20,778,81,556,41,27,44,8,5,11,1,3,8
47,2,1,0,0,75507.0,1440,4546,56,709,81,374,104,80,80,8,6,6,1,0,3
48,1,1,0,0,63855.0,1006,4702,28,359,35,314,93,81,89,7,3,13,1,0,4
54,4,1,1,1,62220.0,1226,5000,55,799,12,375,16,12,12,7,6,5,5,0,6
62,2,1,1,1,58512.0,1171,4685,25,895,10,101,13,0,126,3,4,8,5,0,8
47,3,1,1,1,40662.0,92,4873,0,40,2,23,0,4,23,2,1,3,2,0,4
67,4,1,1,1,38829.0,99,4427,86,76,0,7,0,0,16,3,2,2,1,0,5
45,1,1,1,1,35523.0,66,4878,8,11,5,22,12,5,11,3,0,3,2,0,7
59,2,0,1,2,79146.0,564,4468,33,245,16,223,21,43,16,8,1,8,2,0,6
38,3,1,0,0,78285.0,1427,4646,13,647,81,391,120,67,40,6,4,10,1,0,3
48,4,0,1,1,31626.0,86,4669,12,39,1,9,2,1,34,2,1,2,1,1,7
74,2,0,0,0,75127.0,833,4440,92,203,35,305,46,17,126,2,11,5,1,0,1
71,2,1,1,1,48726.0,242,4830,90,138,3,38,4,0,59,3,2,4,3,0,6
49,2,1,0,0,74985.0,1869,4999,8,587,51,556,120,0,86,3,6,7,1,0,2
39,2,1,0,0,67430.0,1364,5183,6,595,81,291,120,81,121,11,5,12,1,0,6
61,1,1,1,1,46891.0,183,4938,91,43,12,23,29,15,61,2,1,4,1,0,4
70,3,1,1,1,62058.0,450,4801,52,301,7,74,10,0,58,6,1,7,4,0,6
47,2,1,1,1,72063.0,758,4881,3,180,32,348,76,32,90,5,2,12,2,0,2
75,4,1,0,0,78939.0,1507,4601,57,794,81,243,120,0,126,8,5,6,1,0,3
61,2,0,1,2,42720.0,654,4833,9,392,5,91,28,26,112,7,3,7,8,0,8
54,2,1,1,2,33622.0,81,4844,22,39,1,22,3,4,12,2,0,4,3,0,7
69,4,1,1,1,6835.0,137,5088,76,107,2,12,2,2,12,0,0,1,0,0,20
73,2,1,1,2,41452.0,16,4793,86,13,0,3,0,0,0,1,0,2,1,0,7
61,4,0,1,1,40760.0,93,4705,64,70,0,17,0,0,6,2,1,3,2,0,6
68,4,1,0,0,74250.0,1158,4556,90,680,11,392,75,0,0,2,11,4,1,0,1
71,3,0,1,2,51124.0,43,4595,79,26,1,11,0,1,4,1,0,3,2,0,3
55,2,0,1,1,72258.0,1525,4604,28,522,0,522,120,81,126,6,9,5,2,0,2
52,4,0,0,0,71466.0,1230,4458,86,412,12,546,78,81,0,4,4,10,1,0,1
50,2,1,1,2,36283.0,29,4478,42,6,5,5,8,0,5,1,0,3,2,0,4
56,2,0,1,1,20587.0,25,4273,39,2,3,6,4,1,9,1,1,2,1,0,7
54,2,1,1,1,30467.0,24,4504,8,1,3,8,2,5,5,1,0,2,1,0,7
54,2,1,1,1,31590.0,38,4778,40,6,2,15,6,6,3,1,0,3,1,0,8
40,0,1,1,1,20425.0,57,5010,5,4,12,5,3,16,17,2,0,3,2,0,7
66,3,1,1,2,17144.0,47,4536,96,18,2,19,0,2,6,3,0,4,5,0,7
58,4,0,1,1,42564.0,813,4915,28,324,48,186,39,18,126,6,8,4,6,1,7
48,3,1,1,1,43783.0,629,4433,22,327,9,125,25,4,126,7,1,8,6,1,7
50,2,0,1,1,40780.0,377,5091,30,229,27,71,13,3,34,7,1,5,4,0,9
81,3,1,0,0,62847.0,1612,4932,45,521,81,556,80,76,61,3,6,4,1,0,2
69,4,1,0,0,82017.0,729,5120,58,184,23,446,30,23,23,5,4,7,1,3,2
76,2,0,0,0,16813.0,50,4747,49,4,8,11,12,2,13,2,0,3,1,1,7
48,2,1,1,2,51267.0,270,4645,37,183,2,64,7,2,12,3,3,5,4,0,4
65,2,0,1,1,46524.0,177,4823,70,31,19,35,26,14,52,1,1,5,2,0,3
64,3,0,0,0,45183.0,315,4927,33,219,3,60,12,9,12,4,1,7,1,1,7
72,4,1,1,1,70421.0,767,4403,98,479,28,136,75,14,35,10,3,7,3,0,6
61,1,0,1,1,60161.0,1071,5016,17,584,44,212,46,8,126,11,4,8,3,0,8
53,2,1,0,0,73926.0,1580,4913,54,627,81,556,120,81,15,6,5,12,1,0,3
58,2,1,1,1,19329.0,60,4599,39,24,1,16,12,2,5,4,0,3,3,0,8
56,3,1,1,1,61872.0,573,4600,81,330,5,159,36,27,16,4,4,9,4,0,4
70,2,0,1,2,46984.0,41,4862,71,19,1,10,2,1,8,1,0,3,1,0,5
75,2,1,1,2,34838.0,170,4928,62,28,23,29,29,14,47,2,1,4,3,0,6
82,4,0,0,0,82716.0,1167,4816,8,606,81,228,15,81,22,6,8,13,1,0,2
68,2,1,0,0,48192.0,1526,4792,76,1039,43,204,120,58,29,2,8,12,3,3,8
50,3,1,1,2,49681.0,458,4846,66,411,0,26,0,0,21,7,1,7,6,0,7
55,3,1,1,1,56850.0,63,4500,83,34,1,19,2,7,0,1,1,3,1,0,2
69,2,1,1,1,55267.0,405,4653,28,161,28,136,32,3,45,3,4,6,4,0,3
54,2,1,1,2,59666.0,1027,4866,87,623,53,178,23,17,126,3,2,8,7,1,8
54,2,0,1,1,72504.0,1478,4792,43,604,26,470,120,81,94,5,9,6,2,0,2
45,2,1,0,0,26872.0,72,4658,0,3,10,8,3,16,32,1,1,2,1,0,6
54,2,0,1,1,21359.0,48,4837,1,12,2,17,6,1,10,2,0,3,2,0,8
51,2,0,0,0,73170.0,726,4431,1,184,81,256,50,30,32,5,4,6,1,0,2
71,3,1,1,1,52750.0,860,4855,72,393,0,239,90,69,69,5,7,9,6,0,4
40,4,1,0,0,91820.0,1497,4620,72,410,73,556,76,81,30,5,5,12,0,0,1
56,4,1,1,1,65968.0,495,4243,12,376,9,83,19,4,4,5,4,7,2,0,3
50,2,1,1,2,30772.0,20,4245,89,7,2,4,2,1,4,1,0,2,1,0,6
72,2,0,0,0,22507.0,570,4984,67,68,0,226,51,81,68,10,2,4,3,0,9
54,2,1,1,1,65685.0,769,4494,54,642,14,49,0,7,57,9,2,9,1,0,5
48,1,1,1,1,25804.0,55,4938,34,8,7,9,13,6,12,2,0,3,2,0,8
46,4,0,0,0,76412.0,1808,4822,15,840,53,556,23,71,17,5,4,8,1,2,3
54,2,1,1,1,22063.0,55,4727,43,7,10,13,3,11,11,2,0,3,2,0,7
65,2,0,0,0,57091.0,577,4416,0,464,5,64,7,0,37,7,3,7,1,1,5
63,2,1,0,0,22419.0,162,4839,74,30,3,47,19,21,42,3,2,2,1,0,8
67,2,1,1,1,87771.0,1957,4805,61,1225,38,287,50,57,33,5,10,4,1,4,6
67,1,0,1,1,78353.0,1576,4841,51,752,81,476,39,81,34,10,2,11,1,0,8
72,2,1,1,3,93404.0,1616,4761,97,1225,15,287,20,0,15,3,4,7,3,2,5
64,2,0,1,3,37859.0,36,4612,75,22,1,8,2,1,2,1,0,3,2,0,8
68,4,0,1,1,80995.0,1482,4638,83,860,28,409,73,56,56,8,9,4,1,0,4
42,2,1,1,1,16529.0,22,4579,23,3,0,5,13,0,1,1,0,3,1,0,6
50,4,0,1,2,55412.0,63,4621,65,10,5,28,11,1,8,2,0,3,1,0,5
34,2,0,0,0,48789.0,680,5030,94,351,16,156,7,5,126,6,4,7,1,0,6
59,4,1,1,2,56575.0,542,4822,42,421,5,90,0,16,10,7,3,7,3,0,5
46,1,1,1,1,25130.0,50,4906,10,2,5,7,0,18,18,2,0,3,2,0,7
59,2,1,1,2,35441.0,39,4902,94,25,1,9,2,1,1,1,0,3,2,0,8
70,2,1,1,1,71391.0,1043,4859,50,336,81,274,46,81,126,6,5,12,5,0,3
54,3,0,1,1,49494.0,385,4832,46,191,9,97,0,6,82,6,1,5,2,0,7
46,2,0,0,0,81702.0,1633,5046,98,563,50,556,28,31,126,7,7,12,1,0,3
46,1,0,1,1,45889.0,46,4909,42,31,0,6,0,1,8,1,0,3,1,0,6
49,2,0,1,1,56628.0,761,4502,30,479,5,82,7,17,126,7,6,5,2,1,5
76,2,1,1,2,34026.0,76,4819,11,18,6,15,12,8,17,2,1,3,3,0,5
52,2,1,1,1,40049.0,290,4979,61,91,65,52,10,44,28,3,2,6,3,0,5
38,2,0,1,1,34176.0,89,4243,12,5,7,24,19,14,20,3,0,4,4,0,6
45,2,1,1,1,19419.0,70,5028,76,2,14,28,16,3,7,4,0,3,4,0,9
66,1,1,0,0,82504.0,1066,4739,2,362,50,431,120,35,54,3,6,7,1,0,1
56,2,1,0,0,81205.0,2009,4569,43,724,74,556,97,55,126,5,6,7,1,3,2
35,1,0,0,0,61618.0,1345,5040,27,605,81,399,0,45,126,3,6,8,2,0,3
70,3,0,1,1,55284.0,764,4954,60,547,7,140,0,7,63,7,5,8,3,0,5
63,2,0,1,1,49980.0,195,4651,79,104,1,54,13,9,14,3,1,5,2,0,5
46,2,1,1,2,15072.0,53,4669,96,8,2,15,0,10,18,3,1,3,4,0,5
52,2,0,1,1,49166.0,368,4783,17,224,2,25,7,0,110,5,3,3,2,0,6
72,4,1,1,1,65324.0,544,4277,0,384,0,102,21,32,5,6,2,9,3,0,4
69,1,1,0,0,82347.0,1853,5150,38,556,54,556,120,81,63,7,7,10,1,2,3
60,4,1,1,2,30843.0,35,4436,43,24,0,2,0,0,9,1,1,2,2,1,5
52,4,1,1,1,46374.0,446,4506,1,408,0,21,0,0,17,7,1,7,3,2,8
47,2,0,1,1,60474.0,1180,4943,25,265,81,303,120,9,126,10,2,12,7,0,7
53,3,1,1,1,38576.0,41,4489,2,34,0,7,0,0,0,1,0,3,1,0,7
41,2,1,1,2,55357.0,727,4897,66,374,64,116,84,25,64,6,2,11,3,0,5
60,2,1,1,2,37758.0,40,5212,49,27,2,10,0,0,1,1,0,3,2,0,8
37,1,1,0,0,85710.0,1062,4822,5,600,20,350,29,30,33,6,9,10,1,1,2
57,2,1,1,1,23228.0,40,4556,71,13,2,18,6,1,0,2,0,3,2,0,8
57,3,1,1,2,44602.0,292,4536,35,167,2,89,0,0,34,6,1,4,6,0,8
39,2,1,0,0,7500.0,15,4703,94,0,2,3,4,1,5,0,0,3,1,0,6
37,1,1,1,1,38683.0,341,5212,80,46,35,69,84,41,66,4,1,6,6,0,7
51,1,0,1,1,49514.0,369,4596,61,88,39,78,58,13,93,6,1,4,2,0,7
53,4,1,1,1,57906.0,401,4637,29,243,11,119,10,3,15,4,2,8,3,0,4
60,3,0,1,1,43456.0,393,4862,0,275,11,68,25,7,7,5,1,8,3,0,5
40,3,0,1,2,19485.0,10,4680,80,6,0,4,0,0,0,1,0,2,1,0,7
48,2,1,1,1,53172.0,486,4791,54,121,62,90,68,20,125,2,3,8,3,0,3
47,2,1,1,1,30545.0,69,5022,71,4,12,15,19,7,12,2,0,3,2,0,7
43,4,1,0,0,70123.0,1727,4676,27,1225,0,396,23,0,0,5,7,4,1,2,3
67,2,0,1,1,62450.0,995,4430,61,515,47,267,62,66,38,5,5,4,2,1,3
50,2,1,1,1,21675.0,45,4272,55,4,0,16,17,4,4,4,0,3,3,0,7
45,1,0,1,2,42395.0,182,4488,35,48,13,57,24,15,25,3,1,4,4,0,7
48,3,1,1,1,61346.0,989,4786,34,562,58,168,43,16,126,5,7,10,1,0,3
73,2,1,0,0,80812.0,1677,4687,95,769,22,500,120,81,33,4,8,5,1,3,2
55,3,0,1,2,42835.0,595,4766,64,379,4,93,12,9,98,6,6,4,7,0,6
43,2,1,1,1,39922.0,156,4902,30,29,12,59,19,1,36,3,0,4,2,0,8
70,3,0,0,0,86424.0,1226,4458,12,387,68,556,89,45,68,6,9,12,1,0,1
48,1,1,1,1,17117.0,128,4930,96,12,23,38,30,18,7,3,1,3,4,0,9
54,2,0,1,1,24762.0,86,4307,16,6,10,12,3,15,40,3,1,2,3,1,8
51,2,1,1,1,35797.0,68,5023,16,27,1,14,4,1,21,2,0,3,2,0,8
51,2,0,1,2,36627.0,16,4743,78,9,1,5,0,0,1,0,0,3,1,0,5
45,1,1,1,2,51111.0,55,4412,83,22,0,19,6,5,3,2,0,3,2,0,6
54,4,0,0,0,86857.0,2114,4969,96,899,81,556,120,81,40,5,6,10,1,0,2
56,4,1,0,0,82072.0,2018,4909,67,889,55,556,120,81,126,3,2,13,1,0,1
73,4,0,1,3,46231.0,263,4982,87,189,2,55,0,5,12,6,1,4,4,0,9
67,2,1,1,2,42243.0,55,4631,34,48,0,2,0,0,5,2,0,3,2,0,7
64,2,1,1,2,51195.0,564,4943,46,230,14,156,82,24,58,9,2,5,8,0,8
48,3,0,0,0,68092.0,1281,4597,7,852,60,207,78,36,48,2,6,10,2,0,5
53,2,1,1,1,31814.0,83,4702,73,35,3,20,4,1,20,2,0,3,2,1,9
61,3,0,1,2,51390.0,353,5091,54,205,20,47,23,2,56,5,2,5,6,0,5
43,2,1,0,0,76630.0,1003,4568,93,255,31,446,40,56,126,3,10,11,1,0,1
35,0,0,1,1,26868.0,14,4462,52,0,0,1,8,3,2,1,0,2,1,0,7
83,4,0,0,0,48948.0,902,4945,53,437,8,206,120,49,42,7,10,5,2,1,6
54,4,0,1,1,55260.0,1139,4966,81,825,8,53,11,0,126,8,10,5,2,0,6
70,2,1,1,1,64090.0,797,4758,8,316,58,161,76,51,126,6,9,4,1,0,5
68,2,0,1,1,78331.0,1638,4559,97,756,81,354,120,81,61,10,6,7,2,0,4
52,4,1,1,1,37087.0,401,4635,50,194,55,134,15,0,3,4,2,8,3,0,6
40,2,0,1,1,21846.0,84,4652,38,7,17,18,6,10,26,4,0,3,4,0,8
68,2,1,0,0,81320.0,928,4794,61,183,33,493,59,81,57,4,3,10,1,0,2
56,2,0,1,1,54137.0,203,4719,46,171,0,11,0,1,20,4,1,4,2,0,6
59,2,1,0,0,66825.0,858,4752,73,243,81,405,29,40,40,4,5,6,1,0,2
53,2,1,0,0,57100.0,409,4845,19,181,21,69,39,3,96,3,3,6,1,0,3
57,2,1,1,3,58917.0,282,4864,10,151,7,89,0,7,28,4,1,6,5,0,5
49,2,0,0,0,85072.0,1423,4335,94,494,81,391,120,11,126,3,4,10,1,0,0
65,2,0,0,0,86429.0,1449,4622,10,464,28,556,29,18,37,7,4,7,0,1,2
55,2,0,1,1,45684.0,28,4904,37,5,1,5,10,0,7,1,0,2,1,0,7
52,2,1,1,1,47889.0,67,4491,94,29,0,29,0,5,4,2,0,3,1,0,5
40,4,1,0,0,45921.0,199,4306,23,102,9,49,24,3,12,2,1,6,1,0,4
60,4,0,0,0,78420.0,1453,4767,75,604,28,556,91,28,28,3,10,8,1,0,1
34,2,1,0,0,75114.0,1253,4755,40,571,12,523,63,60,24,3,10,5,1,0,2
63,4,0,1,1,52278.0,1198,4922,24,953,0,71,0,0,126,10,5,10,6,0,8
54,3,1,1,1,35641.0,178,4752,11,63,3,67,8,9,28,3,1,4,2,0,7
32,2,0,0,0,95529.0,1990,5241,29,770,29,556,120,27,24,7,3,7,1,1,3
72,2,1,0,0,62820.0,976,4638,51,398,61,265,120,61,53,3,4,6,1,0,1
66,3,1,0,0,73113.0,1001,4587,86,741,19,154,50,9,28,3,4,7,1,0,2
44,4,1,0,0,84169.0,1919,4758,9,1225,19,403,0,19,0,7,6,6,1,2,3
72,1,0,1,1,42607.0,350,4626,30,156,29,56,30,32,47,3,2,7,2,0,3
72,4,0,0,0,74637.0,1650,4809,73,960,64,464,120,0,16,6,9,9,1,1,3
71,4,1,1,2,46015.0,46,4479,25,38,0,2,0,0,6,1,0,3,1,2,7
33,2,0,0,0,72354.0,1228,4840,67,315,26,473,120,12,126,2,10,6,1,0,1
57,3,0,1,1,39858.0,95,4923,67,15,20,25,2,7,26,2,0,4,1,0,6
78,4,1,1,2,34469.0,62,4487,58,19,6,20,0,5,12,1,1,4,3,0,4
40,2,1,1,1,83033.0,1761,4444,82,812,81,431,120,81,33,11,4,10,1,1,5
47,3,1,0,0,24401.0,467,5069,98,73,28,217,10,24,115,6,1,6,3,0,8
48,2,1,0,0,77583.0,1149,4307,93,372,23,384,120,12,108,4,5,9,1,1,2
44,1,0,0,0,74116.0,2052,4583,53,871,81,556,120,55,126,4,4,10,1,1,2
33,2,0,0,0,74293.0,1127,4487,66,375,81,335,93,81,81,5,4,6,1,0,2
50,4,1,1,1,68397.0,1416,4626,6,760,80,466,17,13,80,6,9,5,1,0,3
52,4,1,0,0,79632.0,1113,4366,42,471,0,510,99,21,12,6,4,9,1,0,2
37,2,0,1,1,46107.0,125,4307,78,31,9,27,16,9,33,1,1,4,1,0,3
75,4,0,1,1,64950.0,966,4970,29,819,0,72,12,0,63,11,2,10,2,1,7
37,0,1,1,1,25443.0,32,4956,82,1,4,3,8,9,7,1,0,3,1,0,8
74,2,0,0,0,75127.0,833,4440,92,203,35,305,46,17,126,2,11,5,1,0,1
55,4,1,1,1,32892.0,46,4437,78,26,0,15,2,1,2,3,0,3,2,0,8
55,2,1,0,0,71796.0,960,4650,54,354,21,311,120,75,32,9,3,4,1,0,4
56,4,1,1,1,67536.0,1829,4805,45,1225,0,447,23,71,35,11,5,11,3,1,8
55,2,0,1,1,55239.0,779,4752,59,371,17,238,23,24,106,7,5,11,3,0,5
51,4,0,1,1,60554.0,811,4696,8,588,7,76,110,15,15,8,4,9,2,0,6
74,1,0,1,2,64831.0,1120,4668,51,480,81,249,75,81,126,6,3,5,8,0,6
64,4,1,1,1,56067.0,725,4746,51,517,12,54,16,6,120,7,4,7,2,0,5
43,2,0,0,0,82025.0,1187,4799,76,267,81,556,48,70,98,3,2,6,1,1,1
73,2,1,0,0,94384.0,2302,4854,62,1111,24,556,120,45,126,5,8,5,0,3,2
40,0,0,0,0,14906.0,66,4956,86,7,7,14,7,16,15,2,1,3,3,0,7
39,4,1,0,0,51563.0,1250,5303,60,1166,0,48,0,0,36,4,4,10,1,2,8
44,1,1,1,1,57937.0,683,4535,56,261,42,144,55,48,126,4,4,9,3,0,3
47,2,0,1,2,68274.0,305,4674,83,135,25,51,23,25,46,4,2,5,2,0,3
49,2,1,1,1,39771.0,50,4784,92,6,2,18,2,8,14,2,0,3,1,0,4
51,1,0,1,1,67893.0,995,5303,31,711,28,142,49,18,47,3,2,9,2,0,8
47,4,1,1,1,27922.0,41,4304,80,11,0,13,2,4,11,2,0,3,1,0,4
50,4,1,1,2,52190.0,77,4365,39,42,0,17,0,0,18,2,1,3,3,1,5
53,3,0,1,2,44051.0,171,4918,20,79,7,58,6,3,18,3,1,4,4,0,6
55,4,0,1,2,42767.0,131,4638,53,20,6,43,19,5,38,3,1,2,1,0,8
50,3,1,1,2,46106.0,54,4273,84,30,0,8,2,0,14,1,1,2,1,0,6
50,4,1,1,2,16927.0,53,4672,50,20,2,23,3,1,4,3,0,4,5,0,8
61,2,1,1,1,59754.0,475,5301,96,115,27,44,4,81,126,5,2,6,3,0,5
74,2,0,1,1,53700.0,694,5083,94,263,5,233,69,41,83,5,5,8,4,0,5
53,2,1,1,2,59041.0,96,4396,25,69,2,15,2,2,6,2,0,4,2,0,5
69,4,0,1,1,54237.0,361,4830,48,267,3,30,4,0,57,5,2,5,4,0,6
59,2,0,1,1,70647.0,1079,5048,65,561,81,171,25,81,114,4,7,13,2,0,2
64,4,0,1,1,52597.0,578,4396,69,492,0,37,7,0,42,6,3,8,3,0,5
57,3,1,1,1,41021.0,64,4948,12,14,7,9,6,16,12,2,0,3,2,0,6
51,4,1,1,1,40233.0,149,4660,84,80,4,46,0,17,2,2,1,5,5,0,6
46,2,1,1,2,50183.0,231,4406,47,97,12,84,13,10,15,3,1,6,7,0,5
67,2,1,1,1,54753.0,728,4604,87,197,81,227,7,59,126,5,2,11,3,0,4
53,2,1,0,0,92955.0,1778,4716,35,693,21,556,31,24,84,6,7,9,1,2,2
53,2,1,1,1,33471.0,93,4968,47,43,2,27,0,9,12,3,0,4,3,0,7
52,4,1,1,1,34596.0,23,4844,48,14,0,2,0,0,7,1,0,2,1,0,8
46,2,1,1,1,44010.0,662,5026,46,186,36,234,86,72,48,10,2,6,6,0,9
38,2,1,0,0,84219.0,1198,4549,27,434,81,400,45,81,45,3,4,10,1,0,1
58,4,1,1,3,40706.0,81,4930,37,59,0,11,4,2,5,3,0,4,4,0,7
38,1,1,1,1,15716.0,92,4967,8,16,5,30,8,7,26,3,0,4,3,0,8
67,1,0,1,1,59052.0,491,4626,29,230,35,75,63,57,31,7,1,7,3,0,5
55,3,1,0,0,80573.0,1564,5025,85,829,81,430,60,81,15,4,6,13,1,0,2
64,2,1,0,0,83715.0,926,4521,2,318,8,407,120,35,8,2,8,13,1,0,0
67,3,1,0,0,82576.0,1910,5305,66,1206,55,445,120,18,18,2,4,12,1,1,1
61,3,1,1,3,56962.0,411,4633,60,292,3,77,10,3,26,6,3,5,7,0,7
74,2,1,1,2,35704.0,94,4522,54,30,9,12,2,11,30,2,0,4,3,0,4
72,2,1,1,1,53103.0,1085,4604,70,729,17,133,11,0,126,10,6,7,5,1,7
66,1,0,1,2,46779.0,23,4606,55,12,1,3,0,0,7,0,1,2,1,0,4
61,2,0,0,0,4861.0,6,4409,20,2,1,1,1,0,1,0,0,0,0,0,14
47,3,0,1,1,33462.0,54,4758,78,22,3,18,0,0,11,2,0,3,1,0,7
48,2,0,1,1,63693.0,1150,4660,63,587,43,337,42,81,54,11,6,9,3,0,6
76,2,1,0,0,80763.0,1415,4720,17,674,81,108,120,42,126,5,11,6,1,2,3
52,4,1,1,1,65352.0,405,4714,43,284,3,84,4,7,23,4,2,8,2,0,4
48,4,1,0,0,82170.0,1908,4618,13,1023,81,556,49,55,37,5,6,7,1,0,2
57,2,1,0,0,75759.0,2486,4649,46,1225,22,556,89,81,126,9,7,9,1,3,5
50,1,0,0,0,79689.0,1315,4608,65,311,26,556,120,37,121,4,9,13,1,0,2
70,4,0,1,2,35340.0,45,4402,1,27,0,12,0,1,5,2,0,3,2,0,5
72,2,0,0,0,85683.0,1789,4502,6,1225,17,311,45,69,51,2,4,10,1,4,1
54,1,1,1,1,24884.0,19,4979,32,3,6,7,0,0,3,0,0,3,1,0,7
45,3,1,1,1,42021.0,573,5069,34,393,5,136,7,5,27,10,1,6,5,1,9
37,2,0,1,1,64449.0,805,4533,70,218,63,282,120,35,70,5,3,12,4,0,4
72,2,0,1,2,64587.0,108,4409,49,66,0,16,0,6,20,1,1,4,2,0,3
31,2,0,0,0,34824.0,23,4497,65,4,2,11,2,0,4,1,0,2,1,0,6
48,2,1,0,0,75437.0,1493,4693,25,795,0,545,95,58,0,8,4,10,1,1,6
69,2,1,1,2,26091.0,89,4526,84,15,10,19,8,17,20,2,1,3,3,0,5
53,2,1,1,1,52845.0,936,4722,7,384,25,292,120,41,64,8,8,6,3,1,6
70,2,0,1,1,46086.0,343,4877,34,244,8,32,7,2,50,3,1,8,4,0,4
70,4,0,1,1,78028.0,528,5030,38,158,19,288,25,0,38,6,4,9,1,2,7
39,4,0,0,0,95169.0,1901,4694,1,1225,21,449,106,20,20,4,3,4,1,2,1
45,1,1,1,2,56337.0,724,4861,25,349,16,144,28,5,126,8,5,4,5,2,8
39,2,1,1,1,22434.0,58,4903,25,4,12,11,3,13,15,2,0,3,2,0,8
72,4,1,1,1,36930.0,297,4810,50,223,2,31,0,2,39,5,2,4,5,0,8
72,2,0,1,1,36130.0,488,4914,46,157,43,127,68,56,37,3,8,4,6,1,4
73,3,1,1,1,65569.0,859,5181,96,397,46,288,20,38,70,6,5,10,2,0,3
74,2,1,0,0,83844.0,1574,4608,57,901,31,345,75,31,126,4,4,11,1,1,1
58,2,1,1,2,19514.0,69,4556,47,14,3,21,2,1,28,3,1,2,4,1,8
63,4,0,1,2,36736.0,17,4669,52,10,0,3,0,0,4,1,0,2,1,0,6
47,2,1,1,1,77568.0,2194,5075,30,1225,0,396,120,81,126,10,2,8,1,3,5
50,4,1,1,1,49187.0,116,4277,63,81,1,31,2,1,0,1,1,5,1,0,2
48,2,0,1,1,30168.0,279,4763,51,154,20,66,0,12,27,6,1,4,7,0,9
58,3,1,1,1,34053.0,103,5030,14,63,0,21,7,0,12,3,0,3,1,0,8
55,3,1,1,2,38196.0,44,4474,20,30,0,11,0,0,3,2,0,4,3,0,5
75,3,1,0,0,59412.0,406,4473,56,90,67,165,30,43,11,4,2,8,1,0,3
61,1,1,0,0,70924.0,1363,4397,41,635,81,254,120,81,76,6,6,7,1,1,3
57,2,1,0,0,54165.0,236,4799,72,127,4,73,15,6,11,2,1,7,1,0,2
53,2,1,1,1,32300.0,39,4887,1,13,3,6,6,5,6,1,0,3,1,0,8
50,2,0,0,0,20180.0,137,4896,27,18,42,24,15,20,18,2,1,4,1,0,7
53,2,1,1,1,34961.0,79,4412,77,45,2,26,4,1,1,3,1,3,3,0,7
52,4,1,1,1,28440.0,63,4759,87,38,1,24,0,0,0,2,0,3,1,0,8
73,4,1,1,3,64504.0,1314,4854,81,986,36,168,16,0,108,11,3,4,7,0,7
60,3,1,1,1,33564.0,71,4407,51,61,0,3,0,0,7,1,1,3,1,0,5
48,2,1,1,1,17345.0,58,5242,79,4,9,16,17,0,12,2,1,2,2,0,8
59,4,1,1,1,56320.0,702,4731,11,201,53,172,116,77,83,5,4,9,3,0,4
48,2,0,1,1,28647.0,94,4714,54,19,8,29,0,12,26,2,2,2,1,1,7
39,0,0,1,1,15038.0,80,4918,93,4,8,11,19,12,26,2,1,2,2,0,9
68,4,0,1,1,32173.0,22,4939,0,18,0,2,0,0,2,1,0,3,1,0,4
62,1,1,1,1,68316.0,1211,5211,54,806,80,161,120,11,33,10,7,10,5,0,6
55,2,1,0,0,74538.0,1461,4767,21,380,81,556,110,81,28,8,8,5,1,1,3
55,2,0,0,0,91700.0,1968,4930,58,576,81,556,120,81,19,8,6,5,1,0,3
57,2,1,0,0,68695.0,1091,4406,3,458,81,356,106,50,40,4,4,7,1,0,2
49,1,1,1,1,31056.0,55,4925,99,5,10,13,3,8,16,1,0,3,1,0,8
53,2,1,0,0,79593.0,1366,4243,70,350,60,556,110,81,126,5,6,7,1,1,2
46,2,0,0,0,28071.0,313,5071,65,39,33,130,41,26,44,5,1,5,2,0,8
68,4,1,1,2,37334.0,62,4525,44,26,1,16,2,2,15,3,0,4,4,0,4
54,3,0,1,2,46423.0,92,4686,6,68,0,16,0,0,8,2,0,4,3,0,7
55,4,1,1,1,37126.0,72,4493,9,45,3,9,4,4,7,1,2,2,1,1,6
73,2,1,1,1,47703.0,655,4798,95,359,0,134,13,26,123,6,3,8,4,0,5
67,2,1,1,1,61180.0,704,4469,70,403,24,29,6,24,126,5,5,6,2,1,3
72,2,1,1,2,38998.0,54,5242,92,34,1,14,0,0,5,2,0,3,3,0,8
35,2,0,0,0,8028.0,178,5051,62,73,18,66,7,12,2,0,1,0,15,0,19
64,2,1,0,0,76081.0,1033,4439,85,292,30,415,63,33,126,4,5,4,1,1,2
40,2,1,1,1,34728.0,36,4736,2,14,0,16,0,0,6,1,1,2,1,0,6
61,3,0,1,1,33168.0,122,5026,0,80,1,37,0,1,3,2,1,4,3,0,7
60,3,1,1,1,33585.0,122,4679,91,30,11,33,13,6,29,2,0,4,1,0,4
66,4,1,1,1,77037.0,1123,4661,3,463,81,333,120,53,10,7,7,12,1,0,3
42,2,1,1,1,35196.0,497,4995,68,75,12,141,43,39,126,6,1,5,6,0,8
60,2,1,1,1,44529.0,691,4820,98,538,13,91,17,6,26,6,2,11,6,1,5
61,1,1,0,0,70924.0,1363,4397,41,635,81,254,120,81,76,6,6,7,1,1,3
60,4,1,1,2,28764.0,12,4456,16,8,0,3,0,0,1,1,0,2,1,1,8
77,4,1,0,0,69098.0,2440,4900,82,1225,22,556,120,0,126,7,8,9,1,0,5
56,1,0,1,2,25959.0,56,4902,1,4,2,12,7,5,26,1,2,2,2,0,6
43,3,1,1,1,27100.0,37,4823,64,12,0,13,2,0,10,1,0,3,1,0,7
41,2,0,0,0,70596.0,968,5182,68,347,44,534,17,0,26,3,5,12,1,0,2
52,2,1,1,1,42557.0,270,5071,98,192,5,53,0,5,15,6,1,4,4,0,8
75,4,1,0,0,53312.0,278,4696,32,241,0,12,0,0,25,5,1,5,1,0,7
74,2,0,0,0,72228.0,1250,4981,87,631,28,491,30,14,56,6,7,8,1,0,3
39,2,1,0,0,67605.0,938,4857,84,336,28,282,120,54,54,2,8,6,1,0,1
77,3,1,1,2,62845.0,1178,5303,3,1099,0,45,0,0,34,3,4,10,11,1,8
68,2,1,1,2,65196.0,1155,4741,34,743,19,181,12,0,126,7,6,11,2,1,5
39,4,0,0,0,42000.0,653,4673,23,124,81,267,85,59,35,5,2,11,2,0,5
53,4,0,1,2,35860.0,49,4443,37,15,0,8,4,2,20,1,1,2,2,1,5
62,4,1,1,1,65526.0,506,4274,22,397,19,69,12,0,9,4,4,8,1,0,2
65,2,1,1,2,16860.0,38,4969,19,10,4,4,3,3,14,1,1,3,3,0,7
34,2,0,0,0,83528.0,1650,4577,7,530,81,556,120,44,126,4,10,8,1,2,1
61,1,0,1,1,64176.0,1826,5245,52,1215,33,249,64,81,126,8,9,8,8,0,6
70,2,0,0,0,22304.0,18,5214,91,3,2,7,0,4,2,1,0,2,1,0,8
48,2,1,0,0,67023.0,906,4489,93,444,44,382,11,8,17,3,7,13,1,0,2
55,4,1,1,1,32892.0,46,4437,78,26,0,15,2,1,2,3,0,3,2,0,8
60,2,1,1,1,70713.0,1477,5241,23,736,81,279,82,76,126,5,6,8,6,0,3
71,2,1,1,1,59925.0,766,4978,83,473,21,176,19,21,56,9,2,9,3,0,6
73,2,1,1,1,39722.0,47,4527,92,32,0,5,2,0,8,2,0,3,2,0,5
68,2,1,0,0,46610.0,467,4748,4,288,10,30,4,10,125,6,1,6,1,0,6
65,2,1,0,0,88347.0,2116,4881,32,1050,81,555,77,81,118,4,7,9,1,1,1
45,4,1,0,0,87171.0,1298,4942,27,1001,44,107,58,44,44,6,7,11,1,2,2
50,1,1,1,2,26907.0,22,4715,10,9,1,7,0,3,2,1,0,3,2,0,7
58,3,0,1,1,50014.0,396,4560,9,234,14,77,19,10,42,4,1,8,2,0,5
48,4,1,1,1,41014.0,20,4835,65,7,2,6,2,0,3,1,0,2,1,0,7
61,2,0,0,0,66294.0,967,4506,68,251,81,334,65,81,117,4,3,5,1,0,2
55,2,1,1,1,36715.0,357,4991,16,172,10,125,21,13,16,7,2,4,6,0,9
70,2,1,0,0,79456.0,1401,5078,12,565,42,548,64,81,99,5,6,4,1,0,3
44,2,1,1,1,40479.0,15,4718,95,5,0,8,2,0,0,0,0,3,1,0,4
56,3,0,0,0,75345.0,2087,4914,16,918,57,556,99,38,126,5,8,6,1,1,3
49,2,1,1,1,54233.0,981,4855,46,652,8,158,21,0,126,11,6,5,4,0,8
56,2,0,1,2,24163.0,17,4603,3,4,1,7,2,1,2,1,0,3,2,0,4
68,4,1,0,0,84460.0,523,4856,80,152,27,103,106,54,81,9,9,4,0,4,5
43,2,1,1,1,43776.0,23,4518,77,8,0,9,2,1,3,1,0,2,1,0,6
68,4,0,0,0,71691.0,1192,4506,0,336,81,411,120,32,43,4,7,5,1,0,2
53,4,1,0,0,85844.0,1958,4433,62,938,19,556,25,81,38,6,6,7,1,1,2
52,4,0,1,1,39190.0,133,4466,91,68,8,18,19,8,12,2,1,4,2,0,5
67,2,1,0,0,71367.0,777,4712,24,227,23,389,42,21,75,4,5,7,1,0,2
54,4,0,1,2,38578.0,73,4774,2,38,4,22,3,3,3,3,0,3,3,0,8
61,4,1,1,2,57236.0,121,4245,22,105,0,9,2,1,4,2,1,4,3,0,3
47,2,0,1,1,61825.0,424,4758,56,162,50,100,55,30,27,4,2,8,1,0,4
68,2,0,1,1,79803.0,868,4545,54,574,8,216,21,16,33,4,3,5,1,0,1
40,1,0,0,0,80910.0,756,5008,71,160,80,369,67,39,41,3,3,8,1,0,1
44,3,1,1,1,27590.0,12,4834,38,6,0,5,0,0,1,1,0,2,1,0,7
47,2,1,1,1,56775.0,937,4915,62,614,35,160,58,35,35,5,8,10,2,0,5
51,2,0,0,0,83829.0,1862,4725,78,897,81,430,120,81,27,4,7,6,0,3,1
47,1,1,1,1,54210.0,367,4807,18,70,54,109,80,9,45,4,1,7,2,0,5
40,2,1,1,1,38508.0,443,4908,95,120,19,206,25,19,54,7,2,5,6,0,8
56,2,1,1,1,53187.0,267,4648,66,211,2,30,7,7,10,4,1,6,2,0,5
54,2,1,1,1,30023.0,61,4499,28,11,0,16,7,6,21,2,0,3,1,0,8
66,4,0,0,0,76045.0,1323,4628,78,760,53,400,17,81,0,4,5,11,1,1,2
74,4,1,1,1,50870.0,63,4412,13,53,0,8,0,0,2,2,0,3,1,0,5
56,1,1,0,0,15315.0,64,4880,27,7,4,13,15,8,17,2,0,4,2,0,5
52,1,1,1,1,65463.0,562,4552,17,391,32,70,21,32,16,6,2,9,2,1,5
61,2,1,1,2,66480.0,312,4431,71,199,9,57,20,21,6,4,1,7,7,0,4
72,2,0,0,0,76773.0,1156,4891,79,516,56,449,86,33,16,2,2,11,1,0,1
43,1,0,0,0,81698.0,1104,4944,1,709,45,115,30,81,45,8,2,5,1,1,5
53,4,0,1,2,54466.0,16,4337,78,12,0,4,0,0,0,1,0,2,1,0,5
66,3,0,0,0,98777.0,2008,4534,23,1000,19,556,120,81,38,4,6,9,0,1,1
42,4,0,1,1,16269.0,44,4705,75,19,3,18,3,1,0,3,0,3,3,0,8
55,2,1,1,1,71819.0,1574,4707,70,1224,28,140,0,14,126,3,3,5,3,2,6
43,4,1,1,1,33569.0,63,4658,10,16,2,18,3,0,24,1,1,2,1,1,8
43,3,1,0,0,36262.0,426,4684,24,88,39,54,64,28,126,3,5,3,1,1,6
60,0,1,0,0,22634.0,96,4931,47,2,23,11,8,6,46,2,1,2,1,0,8
48,1,1,1,1,47025.0,635,4604,98,508,11,59,23,5,29,11,1,6,5,0,9
58,2,0,1,1,70566.0,757,4786,4,381,28,215,84,28,21,6,5,9,2,0,3
47,4,1,1,1,31605.0,125,4986,15,74,0,42,2,1,6,2,1,4,2,0,7
53,3,0,1,2,52034.0,332,4810,67,146,0,93,7,13,73,4,2,5,5,0,7
47,2,0,1,1,48526.0,135,4589,32,23,17,23,43,20,9,2,1,4,1,0,3
72,2,1,1,1,46734.0,330,4990,40,110,5,137,26,23,29,6,1,5,2,0,7
64,2,0,1,2,39552.0,384,4960,54,165,3,147,4,24,41,6,2,5,7,0,8
60,2,0,1,2,86358.0,1722,5092,78,957,47,494,82,47,95,5,3,6,4,0,8
49,2,1,1,3,46931.0,78,4468,94,41,0,17,3,1,16,1,1,3,2,0,3
41,0,0,0,0,16581.0,24,4612,51,1,3,4,2,3,11,0,0,3,1,0,4
74,1,0,0,0,63998.0,1168,4593,42,176,29,556,0,33,112,7,6,11,1,0,4
75,3,1,1,1,67381.0,957,4932,67,815,8,53,11,0,70,2,2,9,4,1,7
59,2,0,1,2,25930.0,15,4664,87,6,1,2,2,0,4,1,0,2,1,0,7
48,2,1,1,1,42693.0,57,4395,29,8,4,20,6,3,16,1,0,3,1,0,5
50,2,1,1,1,85606.0,1956,4967,89,717,42,556,120,30,84,6,7,9,2,1,3
41,2,0,0,0,72903.0,2013,4645,74,1067,81,556,0,19,39,7,5,8,1,3,4
52,1,1,1,1,49669.0,326,4438,97,166,5,107,11,8,29,5,1,6,2,0,6
58,4,1,1,2,36778.0,77,5184,63,29,4,34,2,4,4,3,0,3,3,0,9
64,4,0,0,0,85696.0,1313,4883,88,714,76,395,116,0,12,4,6,9,1,0,1
37,3,0,0,0,10979.0,30,4440,34,8,4,10,2,2,4,3,0,3,2,0,5
65,2,1,1,1,49678.0,315,4914,81,229,5,56,3,2,20,6,2,4,2,0,7
73,3,1,1,1,56129.0,660,4776,65,320,48,133,39,72,48,6,2,10,4,0,4
37,2,1,1,1,37155.0,74,4916,51,23,0,26,7,15,3,2,0,4,1,0,5
48,1,0,1,1,21282.0,46,4273,76,1,5,8,4,8,20,2,1,2,2,0,6
64,4,0,1,1,33419.0,86,4718,76,56,0,12,0,0,18,2,0,4,2,0,7
81,2,0,0,0,63285.0,1103,4816,84,508,81,249,50,38,126,6,5,13,1,0,3
52,3,1,1,1,21255.0,61,4561,56,29,0,25,2,2,3,2,1,4,4,0,4
45,2,1,1,1,42162.0,145,4624,31,46,7,59,2,4,27,3,1,3,2,1,6
70,2,1,1,2,54450.0,684,5055,0,454,0,171,8,19,32,9,2,8,12,0,8
72,4,1,1,1,57744.0,411,4602,91,350,3,39,0,0,19,9,1,4,2,0,8
40,2,0,1,1,26576.0,27,5026,40,10,0,8,0,0,9,1,0,2,1,1,9
83,4,0,0,0,57513.0,1060,4789,59,735,40,183,52,20,30,9,3,13,2,0,6
62,2,1,1,1,68142.0,1459,5071,96,897,81,196,91,81,37,10,4,7,3,0,6
47,2,1,1,1,7500.0,18,5071,61,5,2,3,3,0,5,1,0,2,1,0,8
52,2,1,0,0,83145.0,1833,5047,14,777,35,556,39,81,114,5,9,11,1,1,2
66,3,1,1,1,54197.0,237,4519,16,162,6,37,6,13,13,1,3,6,2,0,1
63,4,0,1,2,23091.0,48,4434,98,35,0,11,0,0,2,2,1,3,4,0,7
50,2,1,1,2,46049.0,515,4745,11,342,9,112,19,14,19,5,2,9,10,0,7
52,2,1,0,0,56715.0,1020,5180,52,258,81,239,120,81,9,7,3,4,1,0,4
65,2,1,0,0,79410.0,1370,4433,19,658,80,483,120,13,13,3,2,5,1,0,1
75,2,1,1,1,57304.0,1026,4640,61,356,80,329,120,17,106,7,6,10,2,0,5
61,2,1,1,1,44375.0,301,4500,73,213,5,28,7,7,41,4,1,6,1,0,5
70,2,1,1,2,54450.0,684,5055,0,454,0,171,8,19,32,9,2,8,12,0,8
61,2,1,1,1,59594.0,499,5019,74,457,4,29,0,0,9,8,1,7,1,1,7
32,2,1,0,0,80685.0,1004,5078,55,241,45,556,34,26,54,6,4,10,1,0,2
52,4,1,1,1,40344.0,218,4661,48,210,0,6,0,0,2,4,1,5,2,0,7
54,2,1,1,1,62710.0,606,4804,53,441,35,83,7,29,11,4,2,12,4,0,4
58,1,1,1,1,48985.0,75,4820,13,19,13,18,10,7,8,1,1,3,1,0,3
58,2,1,1,3,35322.0,106,5078,34,28,9,37,12,7,13,2,0,4,3,0,8
78,2,1,0,0,77142.0,990,4798,54,476,75,162,29,81,97,4,4,8,1,0,2
57,2,0,0,0,81657.0,1097,4560,69,364,40,425,120,60,50,3,4,8,1,0,1
30,0,1,0,0,14421.0,16,4534,81,0,0,2,3,3,8,1,0,2,1,1,5
52,1,1,0,0,20130.0,34,4506,99,0,6,3,7,6,12,1,0,3,1,0,8
36,4,1,0,0,74214.0,1711,5074,3,863,81,547,86,81,33,8,2,5,1,0,5
69,3,1,1,2,66726.0,438,4247,61,349,7,35,0,0,47,8,2,4,3,1,7
47,0,1,1,1,23724.0,75,4734,65,5,23,15,0,18,14,2,0,3,2,0,8
66,3,1,1,1,47353.0,225,4630,93,184,2,19,8,8,4,2,2,6,3,0,5
74,3,1,1,2,33444.0,18,5242,24,8,0,8,0,0,2,1,0,2,1,0,8
45,2,1,1,1,54386.0,470,4810,8,277,21,64,62,21,25,3,2,10,2,0,3
45,2,0,1,2,28510.0,91,4844,72,44,5,19,0,4,19,2,0,4,3,0,5
35,3,0,0,0,90638.0,2510,4538,29,1156,81,556,94,81,96,3,4,10,1,1,1
76,2,1,1,1,48070.0,504,4934,33,373,14,83,6,9,19,8,2,6,3,0,7
69,2,1,1,1,43140.0,235,4826,68,134,8,76,6,0,11,4,1,5,1,0,6
65,4,0,1,1,54959.0,1232,4928,55,1148,0,60,0,0,24,9,5,4,3,1,7
68,0,0,1,2,15056.0,88,4883,76,6,12,3,21,6,40,2,2,3,5,0,5
55,2,0,1,1,26954.0,17,4365,17,4,1,11,0,0,1,1,0,2,1,0,7
41,2,0,1,1,22327.0,24,4908,94,5,4,8,2,0,5,1,0,3,1,0,5
61,2,1,1,2,44393.0,60,4713,86,24,2,20,2,2,10,1,0,4,2,0,4
74,4,0,1,1,62000.0,1020,4710,25,899,0,101,0,0,20,6,6,13,1,1,4
64,4,1,1,1,31497.0,155,5149,22,108,1,28,13,1,4,3,1,4,2,0,8
52,1,1,1,2,45894.0,51,4524,15,27,2,7,0,2,13,1,0,3,1,0,5
56,3,0,0,0,78579.0,1812,4956,35,816,66,549,120,66,99,5,6,4,1,0,3
57,3,0,1,1,67369.0,1461,4991,81,1225,0,70,37,14,42,7,4,10,4,2,4
66,2,0,1,1,58401.0,96,4472,55,10,0,11,17,29,29,1,2,2,1,0,4
74,2,0,1,1,62307.0,160,4534,94,87,13,34,10,6,10,4,0,4,1,0,5
57,3,1,1,2,43641.0,139,4835,50,57,2,51,4,2,23,2,1,4,3,0,6
58,3,0,1,1,63841.0,908,4836,64,635,15,100,20,7,126,9,3,9,1,0,6
61,1,1,1,1,46891.0,183,4938,91,43,12,23,29,15,61,2,1,4,1,0,4
57,3,1,1,1,70091.0,1161,4857,11,964,34,137,15,0,11,5,2,10,2,1,8
54,4,1,0,0,78075.0,988,4458,72,572,8,259,34,35,80,3,5,5,1,0,1
65,1,0,1,1,59184.0,1072,5060,6,341,81,113,120,81,66,6,6,12,3,0,5
49,2,1,1,2,54809.0,174,4634,0,63,6,57,13,13,22,2,1,5,4,0,4
67,2,1,1,1,58113.0,758,4922,66,221,81,169,102,78,84,9,2,8,3,0,7
68,3,1,1,1,51412.0,195,4582,42,140,3,29,4,5,14,3,2,4,2,0,4
47,2,0,1,1,15287.0,31,5029,60,1,2,8,4,3,13,1,1,2,2,1,7
69,3,1,0,0,66636.0,1084,4718,64,291,10,556,84,10,0,3,4,9,1,0,1
70,3,1,1,1,50965.0,685,4896,87,544,13,85,8,6,29,10,4,5,3,1,8
61,4,1,0,0,84618.0,1672,4621,96,684,81,556,21,66,0,6,9,10,1,1,2
36,2,1,0,0,18351.0,43,4645,1,1,12,9,0,14,7,2,0,3,1,0,7
69,4,1,1,2,40451.0,49,4535,54,35,0,4,0,0,10,1,1,2,1,1,5
61,2,1,1,1,36317.0,133,4805,53,87,3,25,3,2,13,3,0,4,2,0,7
69,2,1,1,1,42213.0,363,4603,96,309,3,24,4,3,20,5,1,7,2,1,7
71,2,1,1,1,65748.0,545,4842,58,172,73,93,95,78,34,2,4,10,2,0,1
54,2,1,1,1,77044.0,1065,4647,12,625,38,242,50,34,76,7,11,11,2,1,4
57,2,1,0,0,74918.0,2047,4610,78,972,59,556,25,19,59,5,9,6,1,1,3
54,2,1,1,2,56721.0,296,5008,64,157,6,39,6,13,75,4,1,5,5,0,6
51,2,0,1,2,42160.0,140,4768,26,48,9,45,3,15,20,2,1,4,4,0,6
61,2,0,1,1,61559.0,530,4749,8,279,81,88,32,14,34,4,2,10,1,0,3
63,4,1,1,2,33629.0,152,5092,49,132,0,16,0,0,4,3,1,4,5,0,9
35,4,1,0,0,68682.0,1598,4786,56,919,0,505,99,30,45,4,9,10,1,0,2
63,2,0,1,1,34377.0,114,4928,55,62,0,22,3,1,26,2,2,2,2,0,7
40,0,0,1,1,8940.0,101,5078,25,1,45,3,4,6,42,3,1,3,3,0,8
53,2,1,1,1,26228.0,25,4682,50,2,6,4,3,1,9,1,0,2,1,0,8
69,1,0,0,0,77297.0,789,4921,84,408,61,109,48,81,41,5,7,9,1,1,4
45,2,1,1,2,40211.0,87,4736,30,51,1,7,2,1,25,2,1,2,2,1,8
68,4,0,1,2,33438.0,90,4682,81,62,1,16,3,2,6,2,1,4,4,0,5
67,4,1,1,1,75032.0,1215,4829,74,952,12,180,47,12,12,5,4,9,2,0,3
71,4,0,0,0,61284.0,811,4603,76,618,15,106,20,7,45,11,2,8,1,1,6
40,2,1,1,1,22518.0,61,5017,36,11,7,12,2,2,27,2,1,2,2,1,5
51,3,1,1,1,54730.0,405,4720,64,318,3,17,4,7,56,4,1,8,5,0,4
71,3,1,1,2,38452.0,72,4493,62,56,0,14,0,0,2,3,0,3,3,0,7
55,2,0,1,2,44421.0,189,4901,53,110,5,59,7,1,7,5,0,4,5,0,8
40,4,1,1,1,38197.0,40,4767,86,23,0,11,2,1,3,1,0,3,1,0,5
48,2,0,1,1,41986.0,63,4337,15,27,5,8,8,3,12,3,0,4,3,0,4
43,2,1,1,1,28427.0,52,4867,67,18,3,19,3,3,6,2,0,3,2,0,8
50,4,1,1,1,37395.0,39,4546,47,18,0,9,0,1,11,1,0,3,1,0,6
55,2,1,1,1,64722.0,805,4436,47,303,0,280,60,81,15,8,2,11,4,0,6
70,3,1,1,1,55249.0,130,4475,81,97,1,19,2,0,11,2,1,4,1,0,3
54,2,1,0,0,84906.0,1631,4847,98,997,15,414,99,30,76,5,6,12,1,3,2
37,2,1,1,1,28691.0,34,4850,56,5,4,13,8,0,4,1,0,3,1,0,8
74,2,0,1,2,44213.0,152,4614,48,95,11,35,0,4,7,2,1,5,4,0,6
42,0,0,1,1,25707.0,21,4564,18,1,6,2,3,6,3,1,0,3,1,0,7
59,4,1,1,3,59062.0,71,4878,74,46,1,12,3,0,9,2,0,3,2,0,4
64,2,0,1,1,76624.0,899,4438,68,411,81,147,54,81,66,5,10,7,1,1,1
79,3,1,0,0,66000.0,711,4472,36,244,51,270,101,0,45,1,3,5,1,0,1
48,4,1,1,1,27683.0,351,5214,90,152,9,121,12,12,45,6,2,4,4,0,8
55,2,0,0,0,1730.0,8,4444,65,1,1,3,1,1,1,0,0,0,15,0,20
34,0,0,1,1,7500.0,119,5241,63,10,17,18,8,26,40,3,2,2,4,0,9
58,2,1,1,2,40521.0,21,4823,82,12,0,5,0,0,4,0,1,2,1,0,5
53,4,1,1,1,20427.0,10,4499,63,5,0,4,0,0,1,1,0,2,1,0,8
51,2,1,1,1,65106.0,973,4438,55,790,19,133,12,0,19,8,3,13,3,1,6
61,4,1,0,0,69969.0,1536,4708,64,882,29,514,38,29,44,4,2,6,1,2,3
74,2,1,1,2,67433.0,992,4750,51,615,28,259,12,48,30,6,5,13,4,1,4
59,4,1,1,1,77766.0,1529,4894,97,1004,59,265,115,59,27,11,10,11,2,1,6
54,2,1,1,1,74716.0,860,4604,92,133,27,421,13,81,71,7,3,5,2,0,4
63,2,0,1,1,68118.0,928,4656,51,595,23,123,10,23,126,8,9,4,2,0,6
56,4,1,1,2,55158.0,418,5101,72,293,0,87,4,11,23,7,2,5,4,0,7
71,1,1,1,1,62972.0,587,5245,39,313,15,47,20,0,126,7,4,3,2,0,6
51,2,1,1,1,74190.0,641,4243,49,151,81,86,120,81,64,4,2,11,2,0,2
50,2,1,1,2,39356.0,23,4504,21,15,0,2,0,0,6,1,0,2,1,1,6
57,2,1,0,0,76653.0,2279,4719,91,736,63,556,120,81,126,4,7,11,1,2,2
53,4,0,1,2,35860.0,49,4443,37,15,0,8,4,2,20,1,1,2,2,1,5
43,4,0,0,0,90687.0,1779,4805,98,982,17,556,23,34,51,6,2,8,1,1,2
44,3,1,0,0,73450.0,1804,4815,85,1142,51,415,90,69,37,7,8,11,1,2,3
66,2,1,1,2,31454.0,48,4789,40,28,0,11,0,0,9,2,0,3,3,0,8
74,2,0,1,2,47139.0,83,4428,2,46,0,12,0,2,23,2,1,2,2,0,7
51,2,0,0,0,83829.0,1862,4725,78,897,81,430,120,81,27,4,7,6,0,3,1
63,4,1,1,2,53378.0,793,5045,41,489,6,152,8,6,126,9,4,6,10,0,8
56,2,1,1,1,19656.0,84,4733,94,25,4,9,6,8,32,2,1,3,3,0,7
78,4,1,1,1,45579.0,183,4715,10,145,1,33,2,1,1,4,1,4,1,0,6
68,1,0,0,0,85485.0,1383,4410,73,630,26,556,44,18,54,6,6,6,1,0,2
82,2,1,0,0,55956.0,999,4397,22,760,38,104,50,9,38,7,3,4,2,1,4
63,3,0,1,1,64191.0,825,4925,30,420,15,186,120,38,15,5,3,13,3,0,3
54,2,0,1,1,38808.0,246,5074,21,125,17,52,3,19,30,5,1,4,4,1,8
60,3,1,1,2,57183.0,610,4869,51,464,5,64,7,0,70,9,1,7,8,0,8
58,3,0,1,1,23748.0,76,4987,97,6,6,29,12,15,8,2,1,3,3,0,8
55,2,1,1,1,66303.0,1286,4890,56,1090,12,96,16,12,60,3,4,11,4,1,8
51,3,1,1,1,37368.0,30,4597,4,3,2,11,2,2,10,1,0,2,1,1,6
62,2,1,1,3,40800.0,99,4946,77,24,0,27,8,30,10,3,0,3,2,0,7
48,2,0,0,0,71847.0,1192,5048,95,737,21,106,55,63,126,6,7,9,0,1,3
51,2,1,1,1,46149.0,362,4614,36,254,6,71,4,0,27,5,1,7,5,0,5
43,2,1,0,0,78687.0,2130,5061,13,817,81,556,120,55,126,4,6,8,1,1,2
55,1,0,0,0,49118.0,1229,5082,90,620,54,239,99,81,119,9,7,10,2,2,7
69,4,1,1,2,37633.0,38,5049,49,13,4,20,0,0,1,1,0,3,2,0,9
75,3,1,0,0,39767.0,485,4745,18,113,61,204,34,26,47,7,1,7,2,0,8
75,0,1,0,0,26997.0,434,5181,89,7,23,78,120,49,126,4,2,5,2,0,7
56,2,0,1,1,33986.0,44,4874,43,16,2,18,2,1,5,1,0,3,1,0,7
54,4,1,1,1,57091.0,496,4985,82,462,0,24,6,0,4,9,2,5,2,1,7
57,1,1,1,2,46831.0,78,4729,84,22,2,10,6,4,34,1,2,2,2,0,4
54,3,1,0,0,83151.0,2346,4672,80,968,81,556,120,42,126,5,7,10,1,3,2
55,2,1,0,0,52531.0,794,4948,68,283,81,151,51,72,125,7,2,10,2,0,6
70,2,1,0,0,15759.0,17,4818,12,1,2,5,6,0,3,1,0,2,1,0,7
55,2,0,1,1,22804.0,26,4735,75,14,1,7,2,1,1,2,0,2,1,0,9
53,1,1,1,1,43050.0,76,4505,10,30,5,24,6,3,8,2,0,4,2,0,5
49,4,0,1,2,42997.0,15,4754,91,4,0,5,0,1,5,1,0,2,1,0,7
63,4,0,1,2,48918.0,62,4244,21,52,0,9,0,0,1,1,0,4,2,0,4
72,3,1,1,1,60033.0,198,4494,28,62,1,57,19,11,48,2,1,5,2,0,2
48,4,1,1,1,34043.0,49,4649,97,20,2,14,3,0,10,2,0,2,1,0,9
60,2,1,1,1,57811.0,802,4772,49,545,7,114,37,21,78,7,2,11,5,1,5
80,2,1,0,0,78569.0,1736,4532,14,558,79,556,120,81,95,4,6,4,1,1,1
48,2,0,1,2,7500.0,57,4951,5,6,5,4,13,4,25,2,1,3,4,0,6
55,3,1,1,1,118350.5,59,4851,37,39,1,9,2,0,8,1,0,1,0,0,1
73,2,1,0,0,94384.0,2302,4854,62,1111,24,556,120,45,126,5,8,5,0,3,2
41,1,1,0,0,23148.0,37,4533,83,4,6,8,6,3,10,2,0,3,1,0,7
56,2,0,1,2,44267.0,310,4891,48,183,5,65,3,5,49,5,2,4,5,0,9
47,2,1,0,0,71626.0,1305,5302,94,546,72,376,94,81,72,5,5,8,1,1,3
60,2,1,1,1,60894.0,832,4768,61,606,7,155,10,0,54,10,3,8,5,0,7
50,2,1,1,2,50200.0,401,4884,70,266,6,51,8,6,64,7,1,5,6,0,8
61,4,1,0,0,81051.0,1501,4439,43,1142,29,249,38,29,14,5,5,12,1,2,2
44,2,1,0,0,65169.0,1189,4568,23,1074,0,69,0,0,46,10,4,13,1,4,6
54,2,1,1,1,59868.0,1194,4744,37,771,51,154,54,10,126,11,2,12,7,0,6
66,4,1,1,1,65695.0,656,4551,50,371,32,189,0,58,6,5,4,10,2,0,4
70,3,0,0,0,64857.0,1540,4985,78,556,14,556,120,0,43,7,5,10,1,0,4
61,3,1,1,1,45143.0,311,4709,74,202,5,74,11,5,14,6,1,5,3,0,7
71,1,1,1,1,74805.0,820,4785,14,209,81,209,41,81,37,4,7,10,5,0,2
37,1,1,1,1,59060.0,274,4277,77,35,40,111,36,40,12,3,1,7,3,0,4
64,4,0,1,2,27238.0,57,4837,39,37,0,17,0,0,3,3,0,3,3,0,9
61,2,1,1,1,47009.0,448,4937,89,171,45,73,59,10,90,3,2,8,4,0,4
53,1,1,1,2,46094.0,44,4303,62,12,2,20,3,2,5,1,0,3,1,0,7
54,2,1,1,2,40321.0,102,4737,59,44,4,21,6,0,27,3,0,3,2,0,7
42,2,1,1,1,37235.0,61,4580,68,20,2,9,4,6,20,1,1,2,1,0,4
66,3,1,0,0,81843.0,1643,4835,13,779,81,537,34,69,126,5,9,12,1,0,3
68,3,1,1,1,46692.0,397,4790,37,170,6,97,24,12,88,6,1,5,3,0,6
58,2,1,1,1,77382.0,1121,4400,36,491,48,231,112,81,126,5,7,12,2,1,1
49,2,0,1,2,37774.0,473,5244,28,173,8,107,7,2,126,7,2,3,4,1,9
52,0,1,1,1,18393.0,50,4494,2,7,10,13,16,0,4,3,0,3,2,0,8
64,3,1,1,1,72828.0,1678,4902,17,1205,0,235,19,14,126,6,3,13,6,0,7
44,2,1,0,0,24711.0,58,4474,86,10,7,25,6,3,7,3,0,3,1,0,7
51,4,1,1,1,45503.0,170,4679,54,97,4,44,6,1,18,3,1,4,1,0,5
44,3,0,0,0,6560.0,373,4601,2,67,11,26,4,3,126,1,0,1,0,0,17
81,4,1,0,0,71604.0,1196,4626,3,345,53,528,98,75,97,8,3,5,1,1,4
47,2,1,1,1,27244.0,101,4398,84,6,5,17,3,24,46,2,2,2,2,0,7
57,2,1,1,2,48752.0,316,4966,8,73,57,100,71,15,0,6,1,5,5,0,9
64,2,1,1,1,71434.0,1400,4686,4,711,36,217,120,81,126,7,4,7,3,2,4
78,2,0,0,0,90842.0,1424,4737,57,774,70,118,120,81,93,4,9,13,1,0,1
48,3,1,1,1,88097.0,844,5082,24,163,0,480,0,81,75,6,5,8,1,3,9
51,2,1,1,1,51948.0,311,4687,51,82,33,54,71,30,41,5,2,4,2,0,5
44,2,1,0,0,71853.0,1149,4730,29,358,81,413,120,81,32,2,8,6,1,0,1
43,3,1,0,0,35876.0,129,4472,13,66,2,40,4,3,14,3,1,3,1,0,6
74,2,0,1,1,40049.0,32,4658,23,13,6,7,0,3,3,1,0,3,1,0,6
44,2,0,1,1,39660.0,299,5092,36,139,13,78,20,13,36,7,1,3,3,0,9
64,2,1,1,1,50127.0,320,4433,88,274,0,21,4,6,15,5,1,6,1,1,6
49,3,1,1,1,43263.0,441,4987,2,262,6,61,0,10,102,5,2,6,3,0,5
77,3,1,1,2,62845.0,1178,5303,3,1099,0,45,0,0,34,3,4,10,11,1,8
36,2,1,0,0,18929.0,85,4900,15,32,0,8,23,4,18,1,0,4,1,0,6
44,0,0,1,1,24367.0,24,4868,58,2,4,2,0,11,5,1,0,2,1,0,9
51,2,0,1,1,33249.0,112,4896,11,6,10,21,19,14,42,2,1,3,2,0,6
67,1,1,1,1,26887.0,30,4672,27,6,7,4,3,4,6,1,0,3,1,0,6
43,4,1,0,0,50150.0,410,4776,32,135,46,92,65,61,11,5,2,7,2,0,5
50,2,1,1,1,62061.0,800,4704,12,641,7,84,0,30,38,10,4,7,3,1,6
64,4,0,0,0,85696.0,1313,4883,88,714,76,395,116,0,12,4,6,9,1,0,1
70,4,1,0,0,76542.0,1483,4858,91,794,73,556,0,29,14,4,8,10,1,0,2
33,2,0,0,0,70515.0,1258,4653,12,420,0,452,120,64,126,6,6,4,1,0,2
39,2,1,1,1,18227.0,28,5089,21,1,2,7,4,3,11,0,1,2,1,0,8
61,2,1,1,1,69139.0,227,4555,23,86,12,75,33,15,6,4,1,5,1,0,4
44,2,1,0,0,69109.0,1555,5058,10,823,25,459,120,29,95,6,6,7,1,1,4
64,2,0,1,1,69627.0,861,4871,35,231,81,215,120,30,53,8,2,11,2,0,5
48,2,1,1,1,38136.0,103,4835,69,8,15,27,0,20,33,3,1,2,2,1,8
80,4,0,0,0,62159.0,634,4464,68,182,17,259,77,70,29,6,2,10,1,0,4
63,2,0,0,0,80695.0,1918,4584,85,557,81,556,120,37,18,5,8,5,1,0,2
55,3,0,1,2,33316.0,131,4847,34,79,1,31,4,4,12,2,1,4,3,0,6
58,2,1,1,2,58554.0,586,5043,55,368,24,68,38,0,88,8,2,6,6,0,7
34,0,1,1,1,17256.0,62,4620,10,6,4,14,8,8,22,2,1,2,2,1,8
52,2,0,1,2,53034.0,447,4797,30,160,15,196,15,11,50,6,1,7,8,0,8
76,1,1,0,0,52203.0,939,5100,36,488,21,238,56,81,28,8,7,11,1,0,6
49,1,0,1,1,59601.0,797,4741,14,691,7,69,0,7,23,2,2,7,4,1,8
68,3,0,1,1,75154.0,1143,5213,79,543,10,205,120,81,82,6,3,6,1,0,3
50,2,0,1,1,47025.0,415,4755,52,254,7,108,20,0,26,6,3,5,3,0,6
53,2,1,1,1,37971.0,30,4618,97,5,4,10,2,2,7,1,0,3,1,0,8
58,3,0,1,1,41335.0,187,4587,24,112,19,21,16,14,5,4,1,4,3,0,7
68,2,1,1,1,67267.0,251,4449,0,134,11,59,15,2,30,3,2,5,1,0,2
51,2,0,1,1,57338.0,237,4463,96,143,6,52,11,8,17,4,1,5,2,0,5
66,1,1,1,2,50523.0,91,4588,89,51,4,24,4,7,1,2,0,4,2,0,6
61,3,0,1,3,35791.0,35,4791,94,27,0,5,0,0,3,1,0,3,2,0,8
66,4,0,1,1,50611.0,493,5212,98,459,0,24,6,0,4,4,5,7,6,1,6
57,4,1,1,1,56242.0,971,4885,72,689,8,167,11,8,88,8,4,11,5,0,6
66,2,0,1,1,48904.0,371,5270,1,283,10,38,0,13,27,7,2,4,4,0,8
51,2,0,1,3,56243.0,396,4583,26,347,0,35,4,3,7,4,2,8,6,0,5
41,2,1,1,1,21355.0,68,4715,5,5,13,14,0,5,31,2,1,2,2,1,6
55,3,1,1,1,57420.0,322,4771,22,280,0,18,0,0,24,5,1,6,3,1,7
56,3,1,1,1,,317,4943,39,187,5,65,26,20,14,4,2,6,2,0,5
71,3,0,1,1,46390.0,222,4457,56,95,14,64,2,9,38,4,2,3,1,0,7
70,1,1,1,2,54342.0,177,4881,74,84,10,34,11,10,28,3,1,4,4,0,6
68,2,1,1,2,,45,5244,87,19,4,12,2,2,6,1,0,3,1,0,5
62,1,0,1,2,,21,4247,49,5,1,9,2,0,4,1,0,2,1,0,7
53,2,1,1,1,20895.0,45,5151,24,18,3,17,3,0,4,2,0,3,1,0,9
78,2,1,0,0,92344.0,1899,4567,9,992,24,556,51,19,119,5,10,5,0,2,1
54,4,1,1,1,,42,4548,17,25,1,13,0,0,3,1,0,3,1,0,7
50,1,1,1,2,26907.0,22,4715,10,9,1,7,0,3,2,1,0,3,2,0,7
46,2,1,1,2,44964.0,41,4962,35,19,1,17,2,0,2,1,0,3,1,0,8
47,2,1,0,0,75507.0,1440,4546,56,709,81,374,104,80,80,8,6,6,1,0,3
54,3,1,1,2,53761.0,325,4633,7,158,0,76,13,7,71,4,4,3,6,0,5
53,2,1,1,1,22682.0,95,4878,51,10,14,29,4,2,36,2,1,4,3,0,4
54,4,1,1,1,38887.0,42,4548,17,25,1,13,0,0,3,1,0,3,1,0,7
51,1,0,1,2,41658.0,72,5058,30,8,4,12,15,4,29,1,1,2,2,0,4
54,4,1,1,1,29791.0,20,4447,21,14,0,6,0,0,0,2,0,3,2,0,5
70,3,1,1,2,63915.0,789,4736,2,622,7,115,30,0,15,6,3,12,2,0,5
52,2,0,1,2,39996.0,15,4440,85,11,0,3,0,0,1,1,0,2,1,0,6
54,2,0,1,1,26759.0,59,4399,65,25,3,16,8,5,2,2,1,3,2,0,6
58,3,0,1,1,63841.0,908,4836,64,635,15,100,20,7,126,9,3,9,1,0,6
57,4,1,1,2,51039.0,417,5027,11,100,64,79,65,0,109,6,2,4,2,0,7
65,2,1,1,2,60544.0,289,5075,92,201,2,43,3,5,35,5,1,5,4,0,6
54,2,1,1,1,65685.0,769,4494,54,642,14,49,0,7,57,9,2,9,1,0,5
73,2,1,1,1,37716.0,188,4471,4,97,1,41,6,2,41,4,1,3,2,0,7
69,2,0,1,1,36864.0,354,5087,53,204,5,39,17,0,89,5,2,4,3,0,8
56,3,1,1,1,44511.0,727,4968,39,513,7,133,46,14,14,8,4,8,6,0,8
59,4,1,1,2,36947.0,146,5123,49,88,3,21,4,1,29,3,0,4,4,0,9
75,3,1,1,1,47352.0,319,4639,70,172,12,112,8,0,15,6,1,5,4,0,7
73,3,1,1,1,67087.0,794,4596,40,329,35,222,120,35,43,7,5,8,2,0,4
76,2,1,1,1,57045.0,454,5091,40,296,13,104,11,13,17,4,2,9,3,0,3
73,4,0,1,2,36957.0,152,5152,43,100,2,16,2,1,31,3,2,2,4,0,9
49,4,1,1,1,69389.0,797,5041,17,422,7,238,69,46,15,7,2,12,1,0,4
54,2,1,1,1,80134.0,1690,4807,40,1218,16,272,104,0,80,5,3,6,2,3,6
57,3,1,1,2,43142.0,20,4533,84,5,1,7,2,1,4,1,0,2,1,0,7
82,2,1,0,0,80589.0,1428,4560,25,507,81,520,120,40,26,5,10,5,1,1,1
36,2,0,1,1,34412.0,209,4903,62,52,12,50,4,36,55,5,0,3,3,0,9
47,2,0,1,1,57537.0,545,4668,83,191,56,139,51,8,100,4,3,8,4,0,4
60,0,1,0,0,22634.0,96,4931,47,2,23,11,8,6,46,2,1,2,1,0,8
78,2,1,0,0,51315.0,222,4528,45,68,28,39,16,30,41,2,2,5,1,0,2
54,2,1,1,3,36026.0,61,4507,34,20,4,10,6,4,17,2,0,3,2,0,6
53,2,1,1,2,24639.0,44,4554,3,20,3,16,0,4,1,2,0,4,3,0,6
54,4,1,1,3,34578.0,8,4274,1,7,0,1,0,0,0,1,0,2,1,0,6
54,1,0,0,0,65704.0,817,4661,18,279,81,74,38,8,126,2,10,10,1,0,1
60,2,0,1,1,63810.0,1371,4997,45,977,12,253,16,12,101,4,3,12,4,1,8
57,4,1,1,1,54132.0,42,4535,81,30,1,8,0,0,3,1,0,3,1,0,7
67,2,1,0,0,18690.0,60,4950,77,6,1,7,23,4,19,1,1,2,1,0,8
56,2,1,1,1,28164.0,78,4852,23,3,18,26,11,8,12,2,0,4,3,0,7
52,4,1,1,1,34596.0,23,4844,48,14,0,2,0,0,7,1,0,2,1,0,8
54,4,1,1,1,43269.0,19,4688,61,10,1,7,0,0,1,1,0,2,1,0,8
68,1,0,1,2,38741.0,61,4493,60,7,10,17,8,6,13,2,0,3,2,0,7
54,2,0,0,0,31907.0,449,4854,75,33,81,64,120,16,74,6,1,6,1,0,7
43,3,1,1,1,27100.0,37,4823,64,12,0,13,2,0,10,1,0,3,1,0,7
53,1,0,1,1,31163.0,38,4538,54,2,3,10,11,2,10,1,0,3,1,0,6
41,2,1,0,0,92533.0,1131,4594,84,693,21,118,110,81,42,6,5,11,1,2,2
53,2,0,1,2,34853.0,34,4590,75,9,3,15,2,3,2,2,0,3,2,0,6
59,2,0,1,2,70844.0,294,4644,16,129,26,67,3,67,2,6,1,5,5,0,7
47,1,1,1,2,31086.0,48,4852,79,16,2,11,3,0,16,1,1,2,2,1,8
65,2,1,1,2,60544.0,289,5075,92,201,2,43,3,5,35,5,1,5,4,0,6
40,1,1,0,0,20491.0,30,4922,16,5,4,5,4,2,10,0,1,2,1,0,7
62,2,1,0,0,42523.0,125,4469,96,14,36,11,3,26,35,1,1,4,1,0,2
43,2,1,1,1,39922.0,156,4902,30,29,12,59,19,1,36,3,0,4,2,0,8
74,2,1,1,2,33402.0,70,4748,60,26,2,19,10,5,8,2,1,3,3,0,8
77,3,1,1,2,36408.0,22,4683,11,9,1,4,3,2,3,1,0,2,1,0,6
47,2,1,1,1,21645.0,65,5244,75,14,0,23,4,5,19,3,0,3,3,0,9
78,3,0,0,0,78427.0,1930,5015,36,972,19,556,120,26,126,3,7,10,3,1,3
80,2,1,0,0,82657.0,2283,4677,71,966,81,556,120,81,126,7,5,10,1,2,4
68,2,1,0,0,51876.0,310,4659,88,99,27,102,28,48,6,2,2,8,1,0,1
55,1,1,0,0,78041.0,1319,4962,93,482,35,553,72,81,17,4,4,9,1,0,2
69,2,1,1,1,52852.0,879,5301,93,714,8,99,11,0,47,10,7,5,4,1,8
44,4,1,0,0,70038.0,1244,4649,54,587,54,348,71,54,126,4,4,8,1,0,2
53,1,1,1,1,69401.0,690,4500,41,399,27,159,58,8,39,4,4,5,4,0,2
54,2,1,1,1,46053.0,209,4899,46,56,10,92,19,7,25,3,2,4,3,0,5
61,2,1,0,0,77343.0,1134,4333,28,227,81,556,98,54,31,3,4,9,1,0,1
73,2,0,0,0,73892.0,1507,4630,40,703,81,556,0,58,43,3,11,8,1,0,1
59,4,0,1,1,40304.0,57,4674,82,37,0,17,0,0,3,2,0,3,1,0,7
61,4,1,0,0,32727.0,529,5072,38,167,13,180,86,13,70,7,3,5,2,0,8
57,2,1,0,0,68695.0,1091,4406,3,458,81,356,106,50,40,4,4,7,1,0,2
55,2,0,1,1,43300.0,180,5026,87,91,3,52,2,1,31,4,0,4,3,0,8
54,2,1,1,2,26290.0,77,4612,49,15,8,16,11,5,22,2,0,4,4,0,6
56,2,0,0,0,93790.0,2349,4246,16,1225,68,556,89,81,45,6,7,12,0,3,2
52,4,1,0,0,38410.0,534,5055,65,153,64,123,116,64,14,5,2,9,2,0,6
76,3,0,1,1,64866.0,556,4556,9,508,5,21,7,5,10,7,3,7,4,1,5
67,2,1,1,1,57957.0,637,4716,24,290,59,177,77,5,29,4,6,8,7,0,3
71,4,1,1,2,46015.0,46,4479,25,38,0,2,0,0,6,1,0,3,1,2,7
48,2,1,1,1,16531.0,44,4413,43,2,13,6,7,5,11,3,0,3,3,0,7
40,3,1,1,1,28072.0,47,4728,10,30,0,10,2,0,5,1,0,3,1,0,7
63,3,0,1,1,49476.0,795,4776,29,386,23,95,54,41,126,2,11,5,4,0,2
73,2,1,1,1,50725.0,586,4903,45,443,10,75,0,10,48,8,1,8,4,0,8
74,2,1,0,0,83844.0,1574,4608,57,901,31,345,75,31,126,4,4,11,1,1,1
76,4,1,1,2,41145.0,13,4368,20,9,0,3,0,0,1,0,0,3,1,0,3
56,2,1,1,1,67419.0,1471,4931,29,846,81,352,91,56,42,9,4,8,4,0,5
56,1,1,1,2,23162.0,65,4592,82,8,3,9,19,4,22,1,1,3,3,0,6
49,2,1,1,1,34380.0,175,4911,68,72,7,58,13,1,24,4,1,3,4,0,8
60,2,0,1,1,34704.0,40,4830,65,29,0,5,0,1,5,1,0,3,1,0,5
57,4,1,1,2,94871.0,1078,5304,99,169,24,553,120,0,126,8,5,4,1,2,7
68,2,1,1,1,65148.0,1115,4992,9,460,35,422,33,12,126,6,6,7,2,0,4
72,2,1,1,1,39898.0,134,4611,20,69,8,26,12,7,12,3,0,4,2,0,7
70,3,0,0,0,64857.0,1540,4985,78,556,14,556,120,0,43,7,5,10,1,0,4
56,4,1,1,1,59892.0,87,4905,26,73,0,13,0,1,0,2,1,3,1,0,3
39,3,0,0,0,41020.0,217,4646,68,112,1,54,7,7,36,3,2,4,1,0,3
65,4,1,1,1,57072.0,1034,4558,79,944,0,60,0,0,30,7,5,13,2,1,5
47,2,0,1,1,60474.0,1180,4943,25,265,81,303,120,9,126,10,2,12,7,0,7
66,2,1,1,1,62807.0,819,5069,83,526,28,135,10,21,99,5,3,12,3,0,5
45,1,1,1,1,19414.0,32,4658,32,2,3,12,3,5,7,1,0,3,1,0,8
46,2,1,1,1,19107.0,46,4713,49,2,4,9,10,5,16,1,0,3,2,0,7
50,1,1,1,1,75484.0,1159,5274,50,378,81,259,120,81,34,7,3,6,2,0,4
50,3,0,1,1,70379.0,860,4885,84,553,25,142,65,67,8,6,3,13,3,0,4
56,3,1,0,0,79419.0,1631,4409,96,751,81,556,20,15,31,4,6,4,1,0,2
80,4,1,1,3,64014.0,444,4303,56,406,0,30,0,0,8,8,2,5,7,1,7
71,2,1,1,1,76998.0,1910,4642,85,1225,81,161,69,35,107,11,8,8,2,1,6
54,3,1,1,1,49854.0,380,4663,63,123,17,171,39,0,30,6,2,5,5,0,6
55,4,1,1,2,60585.0,736,4772,17,267,42,309,55,42,21,7,4,9,10,0,5
76,4,0,1,2,42873.0,269,4926,11,209,0,40,3,2,15,6,1,4,4,0,8
38,2,1,0,0,87679.0,2510,4739,62,1225,81,556,97,81,33,7,11,10,1,3,4
48,2,1,1,1,57867.0,612,4937,48,344,35,178,15,23,17,7,2,9,7,0,6
36,2,1,1,1,35765.0,75,4631,86,22,3,30,0,5,15,2,0,4,2,0,6
67,2,1,0,0,65492.0,1045,4556,73,247,81,295,120,81,47,4,7,13,2,0,2
49,2,0,1,1,32952.0,55,4935,36,38,0,12,3,1,1,2,0,3,1,0,7
57,4,1,1,1,53374.0,1064,5084,34,896,10,101,13,10,34,4,2,9,6,1,9
67,2,1,1,1,71706.0,1443,4995,16,931,56,253,91,81,14,9,5,7,4,0,5
38,2,1,0,0,68487.0,1366,4934,48,758,12,385,33,81,89,9,7,13,1,0,4
51,3,1,1,2,53253.0,436,4641,61,216,9,57,20,9,125,4,3,5,7,0,5
53,1,0,1,1,31163.0,38,4538,54,2,3,10,11,2,10,1,0,3,1,0,6
49,2,1,1,1,42014.0,436,5083,56,244,15,108,4,15,50,7,1,6,6,0,8
53,3,1,1,2,54108.0,747,5181,74,539,6,91,8,6,97,8,2,9,13,0,8
71,4,0,0,0,49667.0,1396,5080,35,1181,26,120,17,13,39,5,10,5,2,1,8
52,3,1,0,0,63206.0,928,4503,65,750,8,125,11,8,26,4,3,6,1,1,2
54,3,1,1,2,57136.0,642,4697,48,306,5,109,21,81,92,5,2,10,9,0,6
51,1,1,1,1,46772.0,1048,5120,88,350,81,189,120,81,57,11,8,5,6,1,8
55,4,1,0,0,78931.0,943,4649,19,331,81,170,58,81,35,2,8,13,1,0,1
68,2,1,1,1,53977.0,907,4729,21,620,16,165,0,24,82,5,5,12,5,0,5
38,2,1,0,0,84219.0,1198,4549,27,434,81,400,45,81,45,3,4,10,1,0,1
51,3,0,1,2,46098.0,120,5082,86,57,0,27,0,0,36,3,2,2,4,0,8
61,2,1,1,1,73538.0,1658,4983,92,811,76,428,99,81,107,10,4,9,3,0,7
40,2,1,0,0,79529.0,1638,4465,1,423,42,556,73,81,126,4,8,9,1,0,2
49,1,1,0,0,20981.0,73,4827,14,2,12,10,6,13,30,3,1,2,1,0,8
46,2,0,1,1,51766.0,275,4275,74,60,51,87,6,20,51,4,2,4,2,0,5
64,2,1,1,1,55759.0,854,4980,84,675,0,85,10,7,77,10,3,8,5,0,8
48,2,1,1,1,33039.0,78,4695,4,30,8,12,8,8,12,2,0,4,1,0,5
54,3,1,1,1,37787.0,106,4684,50,40,1,40,4,3,18,3,0,3,1,0,8
56,2,0,1,1,27242.0,106,4997,2,3,17,26,20,1,39,2,0,3,2,0,9
43,4,0,0,0,87188.0,1923,4882,73,910,81,556,49,74,55,10,2,6,1,0,3
55,2,1,0,0,69930.0,1662,4801,21,252,81,556,120,70,126,4,5,12,1,0,3
50,2,0,1,1,37697.0,84,4399,82,34,6,21,11,4,8,2,1,3,1,0,6
53,4,1,1,1,37401.0,48,4426,14,19,3,19,3,1,3,2,0,3,2,0,7
53,2,0,1,1,3502.0,5,4844,56,2,1,1,0,0,1,0,0,0,0,0,14
50,2,1,1,2,58597.0,733,4988,20,490,0,184,10,28,21,7,4,9,12,0,7
78,4,0,0,0,82032.0,1234,4458,54,332,81,377,120,81,57,4,6,7,0,0,1
68,2,1,1,2,28087.0,112,4996,77,53,8,17,13,0,21,2,2,2,3,0,7
39,4,0,0,0,74004.0,1658,4527,5,784,48,556,42,81,48,4,6,4,1,2,3
66,2,1,1,1,19740.0,55,4864,65,7,11,3,10,4,20,1,1,3,2,0,5
51,1,1,1,1,57036.0,1513,4996,33,1171,43,219,19,14,47,6,3,13,4,1,9
68,1,1,1,2,53083.0,271,4812,65,215,7,33,3,0,13,5,1,5,6,1,7
51,4,1,1,1,69283.0,904,4417,41,674,62,134,0,26,8,7,3,13,4,0,5
51,3,0,1,2,46098.0,120,5082,86,57,0,27,0,0,36,3,2,2,4,0,8
38,1,1,1,1,23331.0,103,5213,92,5,36,7,0,10,45,3,0,3,2,0,8
38,1,0,1,1,23331.0,269,5182,97,104,20,101,24,15,5,5,1,5,6,0,9
37,2,0,1,1,9255.0,22,4593,91,9,0,7,2,0,4,1,1,2,1,0,8
67,4,0,0,0,67786.0,1156,4754,0,431,81,441,80,20,102,3,6,6,1,0,1
55,4,1,1,1,71969.0,1086,5023,59,1000,0,76,0,0,10,3,4,9,3,1,8
59,3,0,1,1,59235.0,1128,4612,4,448,40,469,80,0,91,11,2,12,3,0,7
37,2,1,1,1,31928.0,72,4495,5,33,4,24,4,2,5,3,0,4,2,0,7
65,3,1,1,2,74881.0,964,4732,48,505,72,270,36,27,54,9,2,12,4,0,5
48,2,1,0,0,65819.0,1383,4979,99,267,38,556,120,81,63,5,4,10,1,0,3
73,4,0,1,3,51411.0,18,4801,81,14,0,3,0,0,1,0,0,3,1,0,5
62,2,0,1,1,51983.0,793,5069,95,631,0,115,10,7,30,9,2,10,3,0,7
40,3,1,1,1,42386.0,100,4934,43,65,4,16,0,4,11,3,0,3,1,0,8
39,1,1,0,0,30390.0,80,4907,5,10,12,12,25,1,20,2,0,3,1,0,6
63,2,0,0,0,30983.0,167,5058,50,51,4,50,12,1,49,4,0,3,1,0,8
69,2,0,1,1,66033.0,677,4927,76,293,35,179,46,59,65,8,3,7,2,0,7
51,1,1,1,2,37284.0,23,4859,46,11,1,2,2,1,6,0,0,3,1,0,6
75,3,0,1,1,57530.0,92,4603,68,50,1,27,6,7,1,1,1,4,1,0,1
61,1,1,0,0,76800.0,641,4367,33,173,26,255,35,71,81,4,4,7,1,0,1
70,2,1,1,1,63943.0,1106,5273,50,423,81,368,13,81,21,6,4,6,1,0,5
64,2,1,0,0,76081.0,1033,4439,85,292,30,415,63,33,126,4,5,4,1,1,2
52,2,1,1,1,67445.0,1174,4970,63,757,80,217,29,80,11,9,6,12,5,0,6
59,3,1,1,2,37054.0,25,4689,89,12,1,6,0,1,5,1,0,3,2,0,7
64,3,1,1,2,47175.0,240,5011,81,167,2,44,6,2,19,4,2,4,7,1,8
50,2,0,1,1,31859.0,20,4782,77,3,1,3,8,0,5,1,0,2,1,0,7
65,2,0,1,3,27215.0,102,4924,50,30,5,22,8,9,28,2,1,4,4,0,6
50,4,0,1,1,70179.0,1034,4745,10,532,81,168,69,44,126,7,3,13,3,0,5
43,2,1,1,1,39922.0,156,4902,30,29,12,59,19,1,36,3,0,4,2,0,8
50,3,1,1,2,49681.0,458,4846,66,411,0,26,0,0,21,7,1,7,6,0,7
38,2,1,1,1,24645.0,17,5302,16,5,3,4,4,1,0,1,0,2,1,0,8
72,2,0,1,1,79865.0,792,4413,12,71,81,278,120,81,38,5,10,5,1,0,1
41,2,1,1,1,44322.0,92,4415,30,46,0,40,3,0,3,3,0,3,2,0,8
74,2,0,1,1,47958.0,407,4928,8,268,11,88,15,3,22,6,3,5,2,0,5
62,3,0,1,1,63972.0,1269,5270,93,928,63,254,0,12,12,5,4,10,4,1,4
72,2,1,1,1,75315.0,841,4477,14,459,15,171,120,23,31,5,4,12,2,0,2
76,4,1,1,2,55517.0,633,5042,53,483,0,108,0,6,36,11,1,6,5,0,9
69,4,1,1,3,75283.0,1019,4861,26,733,9,180,12,19,66,6,3,5,11,0,4
80,4,0,0,0,82800.0,1315,4984,23,1006,22,115,59,68,45,7,6,12,1,2,3
72,2,1,1,2,38998.0,54,5242,92,34,1,14,0,0,5,2,0,3,3,0,8
35,3,0,0,0,90638.0,2510,4538,29,1156,81,556,94,81,96,3,4,10,1,1,1
40,3,1,1,1,27161.0,52,4646,41,7,4,23,7,0,11,1,0,3,1,0,7
49,2,1,1,1,42014.0,436,5083,56,244,15,108,4,15,50,7,1,6,6,0,8
66,4,1,1,1,38201.0,268,4859,19,233,0,23,0,0,12,5,1,5,4,0,8
44,2,1,1,2,45203.0,147,4500,4,35,3,67,10,8,24,3,1,3,1,0,6
79,4,1,0,0,81574.0,1798,4464,89,1225,0,465,46,35,0,4,5,8,1,2,1
34,2,1,0,0,34935.0,137,4775,71,34,4,66,3,10,20,2,1,4,1,0,7
50,3,0,1,1,60482.0,507,4924,81,255,43,134,37,14,24,7,2,7,1,0,7
70,2,1,1,3,34633.0,15,4559,31,8,1,5,0,0,1,1,0,2,1,0,6
79,3,1,0,0,78093.0,1105,4631,53,368,32,556,13,43,10,4,7,5,1,0,1
76,2,0,0,0,82460.0,974,4904,78,255,47,556,52,32,15,5,3,6,1,0,1
60,3,1,1,1,45903.0,66,4469,80,33,8,10,2,10,3,2,1,3,2,0,4
39,2,0,0,0,81361.0,778,4526,18,163,23,424,27,65,76,3,10,13,1,0,1
53,4,0,1,2,35860.0,49,4443,37,15,0,8,4,2,20,1,1,2,2,1,5
74,3,1,1,2,40442.0,169,5081,52,45,12,52,25,22,13,3,1,4,4,0,7
61,2,1,0,0,61482.0,299,4404,39,48,58,68,16,66,43,3,2,6,1,0,2
46,2,1,1,1,34968.0,221,4670,11,158,6,45,8,2,2,3,2,5,7,0,7
39,2,1,0,0,75794.0,1682,4589,33,754,81,556,63,32,48,7,5,12,1,1,3
64,4,1,1,1,31497.0,155,5149,22,108,1,28,13,1,4,3,1,4,2,0,8
71,2,1,0,0,74268.0,892,4902,83,199,66,315,97,81,41,4,3,5,1,0,2
38,0,1,1,1,13724.0,58,5069,43,2,7,5,2,15,27,2,0,2,1,1,9
61,3,1,1,1,45143.0,311,4709,74,202,5,74,11,5,14,6,1,5,3,0,7
59,4,0,1,1,52569.0,95,4458,54,85,0,3,0,0,7,2,0,4,1,0,3
53,4,0,1,1,48432.0,424,5021,3,322,3,50,4,3,42,7,1,6,5,0,8
66,3,1,1,2,17144.0,47,4536,96,18,2,19,0,2,6,3,0,4,5,0,7
42,2,0,1,1,36108.0,339,4659,68,141,8,129,3,11,47,7,1,4,3,1,9
55,2,1,1,1,76445.0,1410,5041,2,739,81,309,120,80,35,2,5,13,1,0,6
51,4,1,1,1,36663.0,35,4467,40,18,0,6,3,3,5,1,1,3,1,0,2
61,3,1,1,1,53843.0,562,4769,64,378,0,88,19,4,73,8,5,3,4,0,7
70,3,1,0,0,90226.0,2352,5043,26,1083,81,556,120,81,108,4,7,12,1,1,2
71,3,0,0,0,70638.0,1334,4941,69,1016,12,215,16,12,63,4,5,10,1,1,3
66,2,1,1,2,44512.0,32,4705,57,23,1,6,0,0,2,1,0,3,2,0,4
65,2,1,1,2,27116.0,41,4548,78,12,1,21,2,2,3,2,0,3,2,0,7
63,4,1,1,2,54072.0,39,4739,71,35,0,4,0,0,0,2,0,2,1,0,8
49,2,1,1,1,71855.0,1141,4931,59,548,31,422,0,81,28,5,5,11,4,0,3
36,1,0,1,1,51250.0,710,4858,28,342,32,230,34,32,40,10,5,4,5,1,9
53,3,1,1,1,60432.0,401,4336,61,365,3,15,4,3,11,7,2,5,5,0,6
62,4,1,1,1,65526.0,506,4274,22,397,19,69,12,0,9,4,4,8,1,0,2
38,2,0,0,0,68655.0,1538,5031,95,456,19,556,75,81,38,4,5,11,1,0,3
48,1,1,0,0,12393.0,57,5210,38,5,6,15,11,7,13,2,0,3,1,0,9
36,2,0,0,0,64509.0,1722,4718,19,836,81,556,24,25,77,6,3,9,1,1,4
51,2,0,1,1,33955.0,270,4696,92,100,2,128,23,7,10,5,1,5,4,0,8
49,2,1,1,2,31353.0,31,4584,24,10,0,10,3,1,7,1,1,2,2,0,8
42,2,1,1,1,55434.0,882,4817,21,238,81,215,120,69,76,5,3,13,3,0,4
43,2,1,1,1,28359.0,16,4647,35,6,0,5,2,1,2,1,0,2,1,0,7
39,2,0,1,1,57100.0,311,4444,9,158,11,99,15,11,17,3,2,7,2,0,3
61,2,1,1,1,69139.0,227,4555,23,86,12,75,33,15,6,4,1,5,1,0,4
70,3,1,1,1,52973.0,1152,5089,92,856,0,76,12,9,126,9,6,9,7,0,8
61,4,1,1,1,51717.0,122,4715,55,98,1,17,0,1,5,3,0,4,1,1,7
55,2,1,1,1,18793.0,77,4612,14,4,16,20,0,17,20,2,0,4,3,0,8
44,1,1,0,0,66664.0,1289,5044,78,398,81,447,120,81,32,5,7,6,1,0,3
67,2,0,1,2,50664.0,561,4931,64,313,8,104,6,4,126,8,1,6,9,0,9
63,2,1,1,2,54414.0,211,4924,49,109,18,16,24,26,18,3,1,5,4,0,4
74,4,1,1,1,54549.0,233,4520,8,216,2,6,0,0,9,5,1,4,2,0,7
55,4,0,1,1,47111.0,1092,5091,35,595,71,153,120,81,41,3,2,10,6,0,9
63,4,0,0,0,41003.0,601,4871,11,123,81,142,71,44,88,6,2,8,1,0,6
44,2,1,1,1,19444.0,54,4529,8,16,0,23,3,2,10,4,1,2,3,0,7
50,1,1,1,1,36301.0,78,4649,53,11,12,35,3,5,12,3,0,3,1,0,7
79,4,1,1,1,73059.0,1095,4704,36,410,81,420,0,81,71,9,3,13,1,0,4
57,4,1,1,1,42731.0,244,4653,64,159,2,51,6,2,24,4,1,5,3,0,5
67,4,1,1,2,52854.0,116,4499,43,105,0,10,0,1,0,2,1,4,2,0,5
48,2,1,1,1,22775.0,15,4777,40,5,1,8,0,0,1,1,0,2,1,0,8
78,4,1,1,2,46681.0,425,4725,52,269,15,69,15,19,38,4,6,4,2,0,5
71,4,1,1,1,59821.0,734,4609,11,629,0,70,0,0,35,11,2,7,6,0,8
72,2,0,1,1,50002.0,638,4779,21,443,5,71,21,16,82,8,2,7,2,0,7
81,2,1,0,0,69755.0,894,4906,23,217,77,373,111,23,93,3,6,12,1,0,1
57,2,1,1,2,44078.0,41,4412,17,24,1,10,2,0,4,2,0,3,2,0,5
50,3,1,1,1,30560.0,31,4769,6,9,1,5,4,5,7,1,0,3,1,0,7
57,3,1,1,2,35924.0,34,4500,56,8,0,14,2,3,7,1,0,3,1,0,5
62,4,0,1,2,64140.0,1750,4681,71,1225,0,61,0,15,126,2,5,6,5,3,5
45,2,1,1,2,56386.0,612,5012,51,230,48,214,13,32,75,9,1,7,8,0,9
47,0,1,1,1,24594.0,29,4662,94,1,3,6,10,0,9,1,0,3,1,0,5
45,1,1,1,1,75774.0,823,4546,27,340,21,134,120,14,56,7,5,8,1,0,4
66,3,0,0,0,39228.0,20,4669,1,7,1,6,0,3,3,0,0,3,1,0,4
52,3,1,1,1,58494.0,396,4601,56,298,7,68,4,0,19,6,2,6,2,0,6
45,2,0,0,0,58684.0,813,4415,71,479,35,179,28,7,85,5,3,12,1,1,2
59,2,0,0,0,57136.0,1179,4809,18,267,81,556,34,12,126,7,5,7,1,0,6
76,4,0,1,2,56551.0,138,4396,48,67,4,32,17,2,16,2,1,4,3,0,4
44,2,1,1,1,22448.0,55,4525,86,3,1,8,23,2,18,2,1,3,3,0,3
65,2,0,0,0,82014.0,1511,5080,48,980,37,265,35,81,31,3,6,12,1,0,6
63,2,0,1,2,34213.0,117,5122,2,50,4,28,6,3,26,3,1,2,3,0,9
49,2,1,0,0,118350.5,1730,4828,13,1,0,556,2,1,1,0,28,0,0,0,1
79,4,0,1,1,25358.0,32,4744,57,19,0,5,0,0,8,1,0,3,2,0,6
48,3,0,1,1,35544.0,67,4367,77,30,5,23,4,1,4,2,0,3,1,0,7
72,3,1,1,1,36634.0,335,4799,0,213,9,76,4,3,30,5,2,5,3,0,7
72,4,1,1,1,62670.0,825,4549,57,539,30,92,80,46,38,5,3,13,1,0,3
54,1,1,1,1,50334.0,694,4742,24,284,16,160,84,16,126,7,4,6,6,0,6
45,2,0,0,0,72066.0,1792,4408,55,1003,34,536,120,51,34,4,6,6,1,2,2
68,4,0,1,2,50729.0,496,4911,62,239,13,143,45,4,52,6,2,7,9,0,6
58,2,1,1,2,34916.0,231,4812,89,51,23,82,33,0,42,5,1,3,4,0,9
50,2,0,1,1,64892.0,902,4433,77,527,24,230,32,24,65,6,4,12,2,0,4
60,2,0,1,2,43602.0,68,4308,45,19,5,12,10,3,19,3,1,2,3,0,6
37,4,0,0,0,33996.0,71,4634,46,40,2,15,8,0,6,1,1,3,1,0,4
41,1,0,1,1,41473.0,76,4777,80,21,8,20,15,3,9,2,0,3,1,0,7
59,4,1,1,2,63246.0,772,4715,60,593,30,91,29,22,7,6,3,12,1,0,4
67,4,1,1,2,36732.0,47,4584,71,21,5,3,10,1,7,1,1,4,3,0,2
56,4,1,1,1,69084.0,1586,4624,43,1181,81,199,39,30,30,7,3,13,2,0,8
59,4,1,1,1,77766.0,1529,4894,97,1004,59,265,115,59,27,11,10,11,2,1,6
41,4,0,0,0,37929.0,265,4736,49,202,2,46,3,2,10,4,2,5,2,2,7
75,2,1,0,0,86610.0,1603,4818,66,446,81,556,33,81,53,5,6,6,1,0,2
40,3,1,0,0,80141.0,2091,4642,20,1184,81,556,52,40,40,7,4,10,1,1,6
71,1,1,0,0,72635.0,981,4882,54,390,22,323,104,35,107,6,8,6,1,1,3
56,2,1,1,1,69016.0,1533,4986,61,726,53,363,120,81,126,8,9,13,4,0,5
35,1,1,0,0,20193.0,82,4980,18,8,8,22,24,11,9,1,1,4,1,0,4
51,2,1,1,1,27573.0,244,4863,45,50,15,110,39,15,15,5,1,4,4,0,8
47,0,0,1,1,15862.0,36,4769,26,1,1,4,11,9,10,1,0,3,1,0,8
50,4,1,1,1,49544.0,404,4611,0,308,0,73,0,0,23,5,1,8,2,0,7
46,2,1,1,1,33228.0,71,4559,28,22,2,31,7,4,5,2,0,3,1,0,7
48,2,1,0,0,70440.0,1572,4725,49,690,81,499,76,81,88,5,10,7,1,1,3
55,2,1,1,2,38232.0,122,4565,84,43,5,28,7,6,33,3,1,3,4,0,5
71,4,1,1,2,22554.0,41,5242,38,27,0,10,0,0,4,2,0,4,4,0,5
43,4,1,1,1,23536.0,10,4486,53,6,0,3,0,0,1,0,0,3,1,0,3
74,2,1,1,1,49413.0,304,4649,88,205,7,41,3,2,46,4,2,5,2,0,5
57,2,1,1,2,42231.0,37,4498,99,24,0,8,0,1,4,1,0,3,1,0,5
46,3,0,0,0,78789.0,1754,5092,12,667,50,556,21,81,83,4,6,5,1,0,2
58,2,1,1,1,56534.0,815,4743,35,691,7,61,10,0,46,10,4,7,4,2,8
55,2,0,1,1,58350.0,1001,4856,5,493,26,206,116,80,80,8,3,12,4,0,6
37,2,0,0,0,81217.0,1157,4747,77,493,70,324,120,40,84,3,7,11,1,0,1
75,2,0,1,1,49090.0,688,4747,45,494,5,82,7,0,100,7,2,9,3,0,7
39,3,0,0,0,61787.0,1319,4789,71,621,73,414,78,48,85,8,4,6,1,0,5
41,4,1,1,1,18169.0,21,4897,40,9,0,5,0,0,7,1,0,2,1,0,8
45,1,0,1,1,24336.0,31,5073,82,1,6,2,8,2,12,1,0,2,1,0,7
36,2,1,0,0,18222.0,67,4947,70,12,4,19,12,6,14,2,0,3,1,0,8
74,2,0,1,1,62335.0,708,4804,87,243,81,217,85,6,26,3,3,13,2,0,2
55,1,1,1,2,42033.0,25,5050,95,11,1,4,2,0,7,1,0,2,1,0,7
43,4,1,0,0,86580.0,746,4889,72,532,21,127,26,20,20,4,2,5,0,1,1
69,4,0,1,2,41437.0,32,5047,5,29,0,2,0,0,1,1,0,3,1,0,7
75,3,0,1,2,73705.0,1695,4459,86,612,81,520,120,81,107,9,6,8,2,0,5
50,2,1,1,1,61064.0,1080,5069,80,387,81,342,0,45,126,8,4,11,5,0,6
71,3,1,1,2,38452.0,72,4493,62,56,0,14,0,0,2,3,0,3,3,0,7
37,2,0,1,1,18358.0,57,4623,49,6,8,19,16,4,4,3,0,4,3,0,7
53,4,1,1,1,55012.0,660,4502,85,582,0,65,0,0,13,8,2,9,6,0,5
53,0,1,1,1,9722.0,103,5272,7,6,17,16,6,16,42,3,1,3,4,0,8
42,4,1,1,1,38175.0,153,4681,6,70,6,69,2,3,3,3,1,4,3,0,7
70,3,1,1,1,58656.0,1220,5049,25,962,12,194,16,24,12,7,8,13,4,1,6
61,2,1,1,1,52117.0,279,5084,55,112,10,107,30,0,20,5,2,4,2,0,7
48,2,1,1,1,64813.0,745,4550,81,293,0,124,120,81,52,7,2,10,1,0,5
53,4,1,1,1,54222.0,264,4579,98,199,12,31,3,12,7,3,3,5,1,0,3
40,2,1,0,0,83512.0,2157,4414,31,1060,61,556,80,20,101,4,7,10,1,4,1
67,3,1,1,1,77520.0,1526,4707,30,940,44,396,0,81,58,8,7,7,1,3,4
48,2,1,1,1,41154.0,69,4700,98,44,2,11,2,3,7,1,0,4,1,0,5
60,2,1,0,0,80398.0,1597,5028,92,342,51,556,120,35,26,5,8,12,1,1,3
34,0,0,1,1,18746.0,64,4433,41,2,10,11,12,9,20,3,0,3,2,0,6
42,2,1,1,1,35196.0,497,4995,68,75,12,141,43,39,126,6,1,5,6,0,8
70,2,0,1,1,60230.0,1067,4807,78,520,20,367,39,81,40,6,3,6,2,0,5
49,2,1,1,2,22108.0,31,4365,46,5,3,9,6,2,6,2,0,3,2,0,7
52,2,1,1,2,44392.0,211,4818,71,87,5,71,7,12,29,4,1,4,5,0,7
50,4,1,1,1,55424.0,877,4983,6,462,61,184,10,53,107,7,5,9,4,1,6
47,2,1,1,1,17688.0,11,4934,82,2,2,1,3,1,2,1,0,2,1,0,8
43,4,1,0,0,92491.0,2034,4942,71,979,44,556,29,25,22,7,5,12,1,3,3
35,2,0,0,0,90273.0,1991,4599,32,704,81,556,120,74,111,5,6,7,1,3,2
64,4,0,0,0,82571.0,1686,4547,28,861,31,556,62,81,79,6,5,13,0,1,2
44,4,0,1,1,38513.0,324,4554,20,172,3,115,16,0,18,6,1,5,5,0,8
47,3,0,1,1,16653.0,69,4474,10,5,7,31,15,4,7,2,1,3,3,0,6
71,2,1,1,2,42586.0,252,5010,7,194,2,56,0,0,0,4,1,6,5,0,8
61,0,0,1,1,23529.0,54,4765,67,9,7,13,3,2,20,1,1,2,1,0,6
65,3,1,1,2,74881.0,964,4732,48,505,72,270,36,27,54,9,2,12,4,0,5
75,2,1,1,1,71107.0,1327,4899,61,533,10,217,120,81,126,7,6,13,2,0,4
62,4,1,1,2,46910.0,68,4500,36,48,0,14,0,0,6,2,0,3,2,0,6
67,2,1,0,0,18690.0,60,4950,77,6,1,7,23,4,19,1,1,2,1,0,8
71,2,0,1,2,37244.0,55,4830,90,18,2,10,0,0,25,1,1,2,1,1,7
60,2,1,0,0,82427.0,1456,4245,35,482,81,509,104,81,107,3,5,12,1,1,1
68,1,0,1,1,75342.0,563,4791,38,204,81,97,21,81,26,5,2,10,1,0,4
72,2,0,1,1,70044.0,1504,4898,46,1073,0,250,120,14,14,7,10,5,4,0,5
59,2,0,1,2,79146.0,564,4468,33,245,16,223,21,43,16,8,1,8,2,0,6
63,2,1,0,0,77437.0,1125,4617,70,560,21,442,29,44,29,4,5,13,1,1,1
67,2,1,1,1,54984.0,358,4438,51,173,13,131,32,3,6,6,1,6,4,1,7
55,4,1,1,1,42403.0,42,4631,18,22,1,11,0,5,3,1,0,3,1,0,8
62,2,1,1,1,55761.0,184,4468,97,136,1,12,0,3,32,4,1,3,2,1,6
43,2,1,1,1,37292.0,460,4839,32,275,0,86,10,23,66,6,3,5,5,0,8
81,4,0,0,0,45576.0,145,4434,9,56,19,29,2,14,25,3,1,3,1,0,8
79,2,1,0,0,70321.0,1376,4931,6,303,23,556,82,26,126,6,5,13,1,0,4
57,4,0,1,1,58086.0,792,4927,80,708,7,62,0,0,15,11,3,7,2,0,8
74,2,1,0,0,81795.0,1382,5013,74,324,81,556,27,81,88,4,11,7,1,0,2
79,0,1,0,0,28389.0,28,4988,49,1,5,3,7,4,8,1,0,2,1,0,7
80,3,1,0,0,66835.0,1033,4676,21,620,26,195,34,17,126,6,4,13,1,0,2
57,2,0,1,1,69901.0,882,4798,95,312,21,206,102,81,126,7,3,10,3,0,5
77,4,1,0,0,80360.0,2231,4885,56,1225,81,454,112,43,43,4,4,5,2,3,2
65,4,1,1,1,63342.0,1101,5023,48,918,21,118,13,10,21,8,3,5,3,1,6
52,2,1,1,1,44989.0,369,4969,26,98,0,106,49,10,106,5,1,5,5,0,6
46,1,0,1,1,31859.0,48,4524,3,3,4,7,15,8,11,1,0,3,1,0,7
77,4,0,1,1,51569.0,467,4611,39,380,0,47,6,0,34,7,1,7,4,1,8
55,2,0,1,2,30372.0,44,4953,33,15,0,12,7,3,7,2,0,3,3,0,7
47,0,0,1,2,16014.0,38,4871,42,3,9,4,7,8,7,1,1,4,4,0,3
58,2,1,1,2,41120.0,81,4785,80,24,2,23,0,8,24,2,1,3,3,0,6
55,3,0,1,1,39763.0,167,4849,9,80,1,60,4,6,16,5,1,2,2,0,9
71,4,1,1,2,38725.0,45,4304,52,31,0,6,2,1,5,1,0,4,2,0,4
54,2,1,1,1,77981.0,664,4801,78,138,81,204,16,81,60,7,4,7,3,0,5
62,1,1,1,1,62905.0,622,4665,68,166,75,96,119,81,59,7,2,8,3,0,4
47,1,0,1,1,13533.0,48,4671,45,12,3,8,8,0,17,2,0,3,2,0,7
51,2,1,1,1,59481.0,461,4651,47,178,3,85,71,66,58,3,3,8,2,0,2
49,2,1,1,1,72117.0,1073,4715,34,707,20,171,65,60,50,9,7,9,1,0,5
40,1,1,1,1,21955.0,55,4757,81,5,1,7,17,14,11,2,1,3,2,0,6
70,2,1,1,1,67131.0,976,4862,72,465,71,250,93,35,62,9,2,12,3,0,6
46,4,0,1,1,36802.0,20,4415,23,16,1,2,0,0,1,1,0,3,1,0,5
44,2,1,0,0,71853.0,1149,4730,29,358,81,413,120,81,32,2,8,6,1,0,1
65,0,1,0,0,28249.0,43,4416,80,1,9,7,2,14,10,2,0,3,1,0,6
51,3,1,1,1,47808.0,224,4654,30,123,1,26,2,0,72,3,2,3,2,1,7
52,4,0,1,1,25509.0,101,5051,15,40,3,30,10,7,11,3,0,3,3,0,9
80,4,1,0,0,51012.0,209,4839,86,102,9,63,2,9,24,4,1,4,1,0,6
41,2,0,0,0,70596.0,968,5182,68,347,44,534,17,0,26,3,5,12,1,0,2
74,4,1,0,0,85431.0,1165,4729,54,376,53,462,120,53,53,2,7,7,1,0,0
59,2,1,1,1,42664.0,24,4505,44,21,0,3,0,0,0,1,0,3,1,0,6
71,2,1,1,2,42586.0,252,5010,7,194,2,56,0,0,0,4,1,6,5,0,8
41,2,0,1,1,29760.0,165,5071,87,64,4,68,7,5,17,3,1,4,4,0,8
49,4,1,0,0,28973.0,269,5026,59,206,0,46,3,2,12,5,1,5,2,0,8
53,4,1,1,1,39435.0,102,4788,16,71,0,18,0,0,13,3,1,2,1,0,7
42,1,1,0,0,65370.0,461,4939,1,71,22,112,120,81,29,2,3,13,1,0,1
47,0,0,1,1,20194.0,47,4961,64,0,4,7,11,10,15,2,0,3,2,0,6
50,4,0,1,2,42473.0,144,4534,72,93,1,21,0,4,25,2,1,4,3,0,5
58,2,1,0,0,64590.0,1338,5025,98,920,81,168,36,46,30,9,4,10,1,0,6
67,2,1,1,1,71232.0,917,4615,91,653,17,170,34,26,17,11,2,10,2,0,7
55,2,1,1,2,34600.0,318,4946,8,199,33,60,8,3,15,5,2,5,5,0,8
59,2,0,1,2,46904.0,253,5242,20,153,4,56,0,9,31,5,1,4,4,0,8
53,2,1,1,1,49094.0,502,5048,6,376,0,38,11,8,69,6,3,6,5,0,6
43,2,1,1,1,36075.0,119,4692,54,46,0,30,12,1,30,2,0,4,1,0,6
47,1,1,1,2,60839.0,1250,5072,72,600,21,128,120,81,126,2,2,12,13,0,8
47,2,1,1,1,77298.0,969,4905,46,425,81,292,23,35,79,6,6,11,1,0,3
76,2,1,1,2,34026.0,76,4819,11,18,6,15,12,8,17,2,1,3,3,0,5
63,4,0,1,2,48918.0,62,4244,21,52,0,9,0,0,1,1,0,4,2,0,4
64,1,1,0,0,82122.0,1382,4720,89,734,22,350,120,25,100,3,9,13,1,1,1
50,2,0,1,1,37697.0,84,4399,82,34,6,21,11,4,8,2,1,3,1,0,6
74,2,1,1,2,34074.0,255,4753,69,135,1,41,10,1,67,3,3,3,5,1,6
66,3,1,1,2,28520.0,43,4782,55,11,0,10,0,2,20,1,1,2,1,0,6
71,2,0,1,1,62535.0,398,4878,13,163,48,90,0,45,52,3,2,8,1,0,3
49,3,0,1,1,36273.0,76,4476,80,29,3,30,3,2,9,3,0,3,2,0,6
62,2,1,1,2,63404.0,902,4425,97,734,26,70,11,44,17,6,3,4,2,1,4
45,1,1,1,1,75774.0,823,4546,27,340,21,134,120,14,56,7,5,8,1,0,4
50,2,1,1,1,78416.0,1179,4404,99,453,38,279,120,38,126,7,7,10,2,0,3
52,2,1,1,1,75702.0,1921,5025,87,1073,0,556,120,37,37,10,5,13,1,1,6
75,3,1,1,2,59385.0,185,4829,85,135,0,10,0,4,36,3,1,4,2,0,5
60,2,0,1,2,37070.0,433,4868,30,231,7,137,4,15,39,5,1,8,9,0,7
75,2,1,1,2,44689.0,34,4308,82,18,0,5,0,0,11,1,1,2,2,1,7
68,2,1,1,1,53977.0,907,4729,21,620,16,165,0,24,82,5,5,12,5,0,5
60,4,0,1,2,7144.0,416,4754,92,81,4,33,5,2,126,23,1,1,0,0,0
62,2,0,1,2,18701.0,44,4851,95,12,4,2,10,6,10,2,0,4,4,0,5
70,2,1,0,0,90369.0,1588,4464,2,292,51,556,120,23,17,4,6,6,1,0,1
52,4,0,0,0,63159.0,1797,5181,74,965,34,556,89,81,37,3,5,8,1,1,3
60,2,1,1,2,37758.0,40,5212,49,27,2,10,0,0,1,1,0,3,2,0,8
63,4,0,1,1,46757.0,1143,4992,71,777,30,163,0,51,122,4,4,7,6,0,9
57,3,1,0,0,79734.0,914,4403,72,572,8,232,23,62,17,4,3,6,1,1,1
34,2,1,0,0,63207.0,1502,4927,68,438,81,556,91,81,70,2,3,6,1,1,7
72,2,0,1,1,72071.0,1338,4902,4,531,69,300,120,81,126,5,4,8,3,0,2
43,4,1,1,1,21840.0,27,4745,80,17,0,9,0,0,1,1,0,3,1,0,9
44,1,1,1,1,58582.0,763,4676,15,402,35,106,101,77,42,9,2,9,2,1,5
75,2,0,0,0,72282.0,1331,4747,70,503,27,419,90,81,126,5,7,9,1,0,7
70,2,1,1,2,50387.0,525,4704,91,369,9,87,12,14,34,6,2,8,3,0,5
65,4,1,1,2,32583.0,9,4416,10,5,0,3,0,0,1,1,0,2,1,0,7
64,2,1,1,1,62568.0,953,4397,99,362,17,398,80,35,61,5,3,5,3,1,4
55,3,0,1,2,44635.0,68,4633,25,56,0,9,0,0,3,2,0,3,2,0,7
55,3,0,1,2,33316.0,131,4847,34,79,1,31,4,4,12,2,1,4,3,0,6
58,2,1,1,1,63967.0,882,4696,57,387,81,141,73,35,126,4,4,12,3,0,2
48,1,1,0,0,52513.0,1149,5213,84,367,17,241,104,81,126,9,5,9,2,0,7
57,2,1,1,1,25293.0,37,4689,51,15,0,11,0,2,9,1,1,2,1,0,8
61,4,0,1,1,54111.0,388,4710,97,267,6,54,8,3,50,5,2,6,2,0,5
40,2,1,0,0,78394.0,1428,4901,13,298,27,556,120,24,126,4,6,5,1,0,2
68,3,1,0,0,80739.0,1633,4804,92,674,81,556,39,0,92,3,11,9,1,0,1
51,3,1,1,1,22669.0,173,4805,30,16,14,36,37,22,48,4,1,2,3,0,9
39,2,0,1,1,29236.0,99,4725,30,37,4,24,16,9,9,4,0,3,2,0,9
67,2,1,1,1,44911.0,215,4873,11,159,0,22,2,1,31,4,1,4,3,0,7
64,4,1,1,1,54693.0,929,4899,72,686,17,142,23,26,35,6,4,13,8,0,6
52,2,1,1,1,48186.0,219,4503,39,97,3,66,12,7,34,4,1,4,3,0,7
49,2,1,1,2,54809.0,174,4634,0,63,6,57,13,13,22,2,1,5,4,0,4
48,2,1,1,2,41580.0,92,5027,15,56,5,24,4,0,3,2,1,3,3,0,5
56,4,1,0,0,80336.0,1052,4695,12,209,19,456,120,81,66,2,9,13,1,0,1
69,2,1,1,1,47743.0,275,4866,56,198,2,43,0,12,20,4,1,6,3,1,6
71,1,1,1,1,62972.0,587,5245,39,313,15,47,20,0,126,7,4,3,2,0,6
72,4,0,1,1,57333.0,1662,5047,55,941,14,397,76,58,126,8,5,9,11,0,6
44,4,1,1,1,32313.0,159,4641,60,86,4,56,2,4,7,4,0,4,3,0,9
73,3,0,0,0,84953.0,1024,4882,73,167,48,556,63,72,72,3,10,4,1,3,2
58,3,0,1,1,27071.0,35,4469,90,8,3,19,0,2,3,2,0,3,2,0,6
69,3,1,0,0,68148.0,1042,4704,86,389,66,408,37,57,85,4,4,6,1,0,2
61,3,1,1,2,65735.0,395,4754,37,239,7,119,4,15,11,6,2,6,5,0,7
51,4,1,0,0,86836.0,557,4969,7,179,21,273,0,21,63,6,10,6,1,3,5
63,4,1,1,2,4023.0,9,4408,29,5,0,1,1,1,1,0,0,0,15,0,19
36,2,1,0,0,30093.0,69,4728,19,2,6,28,13,4,16,2,0,3,1,0,7
60,4,1,1,1,57705.0,486,4277,14,383,0,53,6,4,40,8,1,6,3,0,6
38,2,0,1,1,25008.0,34,4549,72,2,8,8,6,1,9,1,0,3,2,0,8
31,1,0,0,0,83257.0,1365,5051,56,536,27,556,38,81,67,5,10,12,1,2,6
51,2,1,1,1,22280.0,13,4808,85,2,1,4,3,1,2,1,0,2,1,0,8
48,4,1,0,0,72159.0,1401,5010,62,322,53,556,34,40,53,4,6,10,1,0,2
65,2,1,0,0,64260.0,1574,4642,1,539,81,556,20,0,30,4,5,4,1,0,3
42,4,0,0,0,82733.0,1323,4665,28,712,50,420,65,38,38,8,4,7,1,0,4
55,3,0,1,1,74290.0,1217,4605,70,1121,0,72,0,12,12,10,8,10,4,2,6
75,3,0,1,3,58217.0,103,4991,84,68,1,13,3,5,13,2,0,4,1,0,6
50,3,1,0,0,21024.0,84,4850,89,36,4,18,6,2,18,2,0,4,1,0,7
54,4,1,0,0,70116.0,1536,4921,73,707,44,556,95,58,29,2,8,12,1,0,1
41,2,1,1,1,54006.0,581,5051,42,174,77,203,6,24,97,8,1,7,2,0,7
60,4,1,1,1,69063.0,928,5120,16,666,35,124,69,8,26,5,3,5,1,0,3
51,1,0,0,0,11448.0,14,4598,16,0,0,0,6,2,6,1,0,2,1,0,6
47,2,0,1,1,61825.0,424,4758,56,162,50,100,55,30,27,4,2,8,1,0,4
55,2,1,1,1,70886.0,960,4660,65,407,70,239,103,81,53,5,4,4,1,0,2
44,2,1,0,0,69109.0,1555,5058,10,823,25,459,120,29,95,6,6,7,1,1,4
53,2,0,1,2,60208.0,656,5121,13,488,23,71,15,0,59,8,3,7,11,1,7
58,3,1,1,2,32889.0,55,4787,78,28,0,13,4,2,8,2,1,3,3,0,5
42,2,0,1,1,34738.0,20,4273,51,3,2,10,3,0,2,1,0,3,1,0,6
55,3,1,1,1,30538.0,367,5303,27,284,0,52,8,3,20,9,0,4,4,0,10
49,1,1,0,0,82326.0,2257,4306,30,938,81,556,120,81,126,5,10,6,1,3,2
59,4,0,1,1,26642.0,42,4579,71,13,2,15,2,2,8,2,0,3,2,0,6
62,2,0,1,1,69932.0,1049,4607,97,412,81,153,120,81,57,7,6,11,2,0,4
54,2,0,1,2,44503.0,48,4476,83,31,1,8,0,0,8,2,0,3,2,0,6
78,4,0,1,1,60200.0,685,4915,3,502,19,132,0,6,26,6,2,11,6,0,6
74,2,0,1,1,49638.0,39,4473,71,18,10,3,3,5,0,1,0,3,1,0,2
39,1,0,0,0,23830.0,43,4399,3,1,8,6,4,8,16,1,0,3,1,0,7
67,3,0,0,0,33051.0,835,5084,15,100,71,243,108,81,126,9,1,8,3,0,9
68,2,1,0,0,72905.0,1515,4561,52,407,81,445,120,81,126,3,7,9,1,1,1
75,4,1,1,1,69702.0,1039,4897,8,664,9,240,50,19,57,7,7,10,2,0,4
51,2,0,1,1,70300.0,1596,4751,89,1045,61,338,60,46,46,5,5,13,3,0,8
42,4,1,0,0,70643.0,1828,5024,66,1218,81,304,23,81,33,5,8,4,1,0,6
57,4,1,1,1,30396.0,34,4462,22,15,0,6,0,1,12,1,1,2,2,1,7
58,4,0,1,1,50616.0,149,4474,56,128,0,16,0,1,4,4,0,4,2,0,7
57,3,0,1,1,62772.0,946,4808,74,581,49,157,43,8,108,5,6,11,1,1,2
41,4,0,0,0,30298.0,28,4443,48,6,3,12,6,1,0,1,1,3,1,0,3
42,2,0,1,1,52413.0,450,5242,67,185,8,133,56,56,12,7,1,7,2,0,7
69,4,1,1,2,44155.0,46,4563,24,22,1,9,0,0,14,1,1,2,1,0,4
55,4,0,0,0,86979.0,1702,4755,67,584,81,556,65,81,35,5,5,5,1,1,2
51,2,1,1,2,76532.0,820,4695,38,355,30,177,90,81,30,9,5,7,4,0,5
44,2,1,1,1,42081.0,382,4890,86,175,10,110,54,6,27,6,3,4,2,1,6
38,4,1,0,0,67546.0,2126,5069,90,864,81,556,120,38,126,4,10,5,1,0,3
37,3,1,0,0,88420.0,2069,4546,87,957,81,556,99,81,126,4,7,8,1,3,1
41,2,1,1,1,31158.0,72,4920,62,25,6,16,20,0,5,2,0,3,2,0,8
58,2,0,1,1,61671.0,732,4517,23,641,7,56,0,0,28,10,4,6,8,2,8
52,2,0,0,0,69719.0,801,4436,99,273,81,208,120,14,43,2,3,5,1,0,1
77,2,0,1,1,49160.0,236,4654,29,122,21,43,25,10,15,3,1,6,2,0,6
48,0,1,1,1,24882.0,80,5060,52,1,4,10,29,0,36,1,1,2,1,1,6
72,4,0,0,0,90933.0,1685,4492,90,1020,31,430,62,63,79,4,6,4,1,1,1
81,4,0,0,0,113734.0,277,4434,9,6,2,3,1,81,3,27,0,0,0,0,1
76,4,1,1,1,59292.0,507,4783,71,378,14,68,19,14,14,3,5,8,2,0,3
62,4,1,1,2,45759.0,68,4893,13,42,1,18,3,0,4,2,0,3,2,0,7
43,2,0,0,0,22148.0,49,4479,16,15,5,14,0,4,11,1,0,3,1,0,7
39,3,1,0,0,73395.0,397,4505,94,272,7,80,20,7,11,4,4,6,1,0,2
55,2,0,1,1,29819.0,39,4650,77,9,1,24,2,1,2,3,0,3,3,0,6
58,2,1,1,1,45688.0,306,4557,20,279,0,18,0,0,9,3,1,8,2,1,4
72,2,1,0,0,62820.0,976,4638,51,398,61,265,120,61,53,3,4,6,1,0,1
55,4,1,1,1,60491.0,1028,4787,81,637,47,237,12,19,76,6,11,7,4,0,5
40,2,1,1,1,33235.0,70,4460,71,45,0,16,2,1,6,3,0,3,1,0,7
67,2,1,0,0,35701.0,46,4869,36,21,1,9,7,3,5,1,0,3,1,0,6
46,3,1,1,1,31535.0,51,4678,95,15,4,13,0,0,19,1,1,2,1,1,7
66,1,1,0,0,92556.0,1263,4472,32,493,81,352,120,23,28,3,5,13,0,0,0
56,2,0,1,1,67384.0,1490,5028,32,957,40,175,120,53,107,7,8,5,2,1,5
55,3,1,0,0,80573.0,1564,5025,85,829,81,430,60,81,15,4,6,13,1,0,2
59,2,1,1,1,77870.0,1815,5078,93,1017,50,500,65,50,126,5,5,5,3,2,8
63,4,0,1,1,52278.0,1198,4922,24,953,0,71,0,0,126,10,5,10,6,0,8
58,2,0,1,1,57107.0,416,5076,44,159,0,120,0,0,126,4,4,8,7,2,8
36,2,1,0,0,18929.0,85,4900,15,32,0,8,23,4,18,1,0,4,1,0,6
45,4,0,1,1,36038.0,47,4796,82,23,0,15,0,2,7,3,0,3,2,0,6
50,2,0,0,0,20180.0,137,4896,27,18,42,24,15,20,18,2,1,4,1,0,7
61,4,1,1,2,34230.0,21,4952,72,15,0,4,0,0,2,1,0,2,1,0,7
49,1,0,1,1,31878.0,70,4409,7,23,4,5,10,5,23,1,0,4,1,0,3
54,1,1,1,1,70932.0,909,4563,57,200,81,100,46,81,126,6,2,12,2,0,3
70,2,0,0,0,91249.0,1676,5019,84,1225,27,119,71,81,27,7,9,6,0,4,4
83,3,0,0,0,77598.0,1735,4937,53,1193,33,281,120,66,33,7,5,13,1,1,3
67,2,0,1,2,80982.0,1191,4734,48,505,81,401,104,22,22,11,5,11,3,0,5
49,3,1,1,1,22701.0,24,4818,2,2,4,9,0,4,5,1,0,3,1,0,5
57,4,1,1,1,55212.0,1182,4985,65,1103,0,45,0,0,34,4,2,11,3,2,8
56,2,1,0,0,70617.0,1280,4773,45,353,61,556,40,46,27,3,3,7,1,0,2
69,2,0,0,0,64849.0,1336,4995,42,652,48,350,94,81,108,9,3,6,1,0,5
61,3,1,1,2,62694.0,749,4779,29,379,6,157,25,81,91,9,3,7,5,0,7
52,4,1,1,2,61917.0,91,4623,83,46,4,36,2,2,1,2,0,4,1,0,5
79,4,1,1,1,67472.0,414,4676,93,162,31,127,8,17,69,4,2,7,2,0,3
44,3,1,1,1,21059.0,44,4400,40,8,3,19,3,3,8,3,0,3,3,0,6
58,3,1,1,2,29543.0,63,4578,47,17,3,18,3,4,18,3,1,2,2,0,7
75,2,1,1,1,75903.0,901,4731,50,340,81,185,120,38,100,6,6,9,2,0,3
51,1,1,1,2,34984.0,38,5152,40,8,4,15,3,5,3,1,0,3,2,0,7
70,4,0,1,1,54998.0,455,4671,3,154,22,202,39,30,8,4,2,9,5,0,4
77,4,0,1,1,54356.0,775,4989,62,710,15,30,20,0,0,11,2,8,3,0,8
67,3,1,1,1,34242.0,15,4500,25,8,2,4,0,0,1,0,0,3,1,0,5
53,2,1,1,1,25410.0,38,4704,48,2,2,4,13,13,4,1,0,4,1,0,4
42,4,1,0,0,73356.0,1512,4429,56,1050,14,322,0,14,112,5,11,5,1,3,2
76,2,1,1,1,28320.0,43,4933,68,19,1,14,3,2,4,1,0,3,1,0,8
49,2,0,1,1,23763.0,42,5123,64,22,0,6,6,2,6,1,0,3,1,0,7
42,2,1,0,0,72570.0,1089,4467,67,274,81,216,120,81,126,4,6,12,1,0,1
50,3,1,1,1,34529.0,162,5055,94,68,6,38,3,6,41,2,2,3,2,0,7
75,2,0,0,0,70792.0,1272,4794,82,344,45,556,104,11,114,3,4,10,2,0,3
44,2,1,0,0,63211.0,1173,5271,3,145,81,459,120,26,126,3,8,7,2,0,2
52,3,1,1,1,83891.0,816,4411,24,217,38,350,111,81,15,4,7,10,1,0,1
58,2,0,1,2,36065.0,74,4857,54,18,7,34,10,2,3,3,0,3,3,0,8
72,2,1,1,1,39898.0,134,4611,20,69,8,26,12,7,12,3,0,4,2,0,7
86,4,0,0,0,51141.0,157,4728,96,144,0,7,0,0,6,3,1,4,1,0,5
50,2,1,1,1,56939.0,561,4686,19,256,34,103,90,29,49,3,3,10,2,0,3
75,2,0,0,0,80872.0,1336,4243,60,483,72,556,94,12,108,4,4,10,1,0,1
50,4,1,0,0,72335.0,2092,5087,2,1225,81,556,28,21,0,10,4,8,1,0,8
62,4,0,0,0,61798.0,463,4620,13,338,4,89,11,8,13,4,2,9,1,0,4
76,4,0,0,0,76842.0,1130,4518,37,605,10,345,84,54,32,1,8,7,1,0,0
50,2,1,1,1,29478.0,20,4565,59,8,0,7,3,1,1,1,0,3,1,0,6
70,2,0,1,1,46998.0,377,5017,55,172,41,86,45,6,27,5,3,5,5,1,7
36,2,0,0,0,96843.0,1544,4834,60,448,71,556,40,17,17,6,11,10,1,1,2
76,4,0,1,2,56551.0,138,4396,48,67,4,32,17,2,16,2,1,4,3,0,4
61,3,1,1,1,70053.0,1012,4881,38,512,53,98,81,81,89,8,5,10,3,0,5
64,4,0,0,0,71670.0,1766,4697,8,1225,16,128,0,0,126,5,3,6,1,3,6
48,2,1,1,2,44359.0,45,4414,19,20,0,14,7,3,1,2,0,4,3,0,3
74,2,0,1,2,40887.0,161,4791,32,50,4,44,10,10,43,3,1,3,3,0,9
60,2,0,1,1,48877.0,144,4461,27,102,1,15,2,0,24,3,0,4,1,0,7
79,2,1,0,0,74485.0,1734,4711,58,499,81,556,120,49,49,6,7,12,1,0,3
54,2,1,1,1,64474.0,823,4652,59,381,35,172,56,81,93,8,2,10,2,0,5
63,2,1,1,1,77226.0,1138,4523,29,631,43,239,120,76,21,6,8,12,2,0,3
77,2,0,0,0,72643.0,1429,4889,60,526,80,553,120,81,53,3,10,7,1,1,2
48,3,1,0,0,85738.0,1371,4559,41,913,26,376,17,26,13,3,6,11,1,2,1
60,2,0,1,1,55686.0,982,4902,27,673,0,199,37,47,26,6,3,5,2,1,4
43,2,0,1,1,39062.0,44,4498,28,23,0,9,0,0,12,1,0,3,1,1,4
55,2,1,1,2,34600.0,318,4946,8,199,33,60,8,3,15,5,2,5,5,0,8
51,2,1,1,1,40794.0,434,4762,18,261,23,73,4,23,50,6,3,5,2,0,7
55,1,1,1,2,54690.0,198,4755,76,111,16,37,7,9,18,3,1,5,3,0,3
57,2,1,1,1,4428.0,359,4817,0,16,4,12,2,4,126,25,0,0,0,0,1
63,1,1,0,0,32632.0,576,5274,32,63,81,137,120,19,53,4,4,8,2,0,5
58,4,0,1,2,38236.0,88,4684,2,58,0,18,2,0,10,3,0,4,4,0,7
47,2,1,1,1,36781.0,63,4305,16,29,1,17,0,3,13,2,1,2,1,0,8
42,3,0,1,1,31385.0,27,5180,56,3,2,12,0,1,9,1,0,2,1,1,8
42,2,1,1,1,24570.0,193,4889,97,28,34,62,11,14,44,4,0,4,3,0,9
52,4,0,1,1,25509.0,101,5051,15,40,3,30,10,7,11,3,0,3,3,0,9
75,2,1,0,0,94642.0,2211,4246,35,879,81,556,106,81,126,5,7,9,0,2,1
64,3,1,1,1,58646.0,140,4668,3,62,1,44,6,5,22,2,1,4,1,0,4
51,2,0,1,2,53201.0,415,4611,49,280,7,81,20,0,27,6,3,5,8,0,7
69,2,1,1,1,21994.0,22,4954,4,9,0,6,3,1,3,0,0,3,1,0,5
48,2,1,1,2,57113.0,263,4794,45,182,4,33,0,2,42,4,1,5,6,0,7
35,2,1,0,0,51373.0,393,4774,37,83,2,101,64,26,117,3,5,3,1,0,4
40,2,1,1,1,23477.0,147,4653,39,38,15,54,3,8,29,3,0,4,3,0,8
70,2,1,1,1,58116.0,443,4479,38,228,19,130,4,11,51,3,3,8,2,0,2
63,4,0,0,0,72968.0,1958,4597,8,1092,37,556,120,37,55,5,5,8,1,1,3
55,3,1,1,1,39791.0,174,4860,89,85,15,27,13,13,21,3,1,4,2,0,7
79,3,0,0,0,91712.0,2217,4657,47,1225,24,556,94,29,48,9,7,11,0,1,3
68,2,0,1,1,94472.0,1691,4519,75,1017,33,417,108,81,16,5,5,5,1,2,5
66,2,1,1,2,13672.0,25,4840,86,6,2,9,2,1,5,1,0,3,2,0,8
46,1,1,0,0,96547.0,809,4439,4,448,21,125,52,81,62,7,6,8,0,3,2
51,2,1,0,0,79205.0,895,5071,73,504,23,117,120,28,44,6,5,4,1,1,4
51,4,1,1,1,56559.0,484,4953,46,226,22,133,41,31,31,4,3,8,3,0,4
53,4,1,1,1,32644.0,413,4931,38,239,3,141,0,7,23,7,1,6,4,1,8
46,1,0,1,1,67506.0,331,4550,73,90,38,67,33,36,67,4,1,6,1,0,3
56,2,0,1,1,24206.0,25,4732,66,7,2,8,3,2,3,1,0,3,1,0,6
59,4,0,1,1,28420.0,13,4589,36,4,2,5,2,0,0,1,0,2,1,0,6
56,2,1,1,1,22979.0,115,5152,29,16,17,19,20,21,22,3,2,2,3,0,8
60,2,0,0,0,33279.0,16,4242,29,10,3,3,0,0,0,0,0,3,1,0,3
54,3,0,1,2,46423.0,92,4686,6,68,0,16,0,0,8,2,0,4,3,0,7
49,2,1,1,1,30368.0,52,4755,97,35,0,13,2,0,2,2,0,3,2,0,8
56,2,1,1,1,63684.0,1464,4982,61,575,80,428,120,81,80,8,4,8,3,0,5
62,2,0,1,1,41638.0,441,4903,68,315,0,31,4,0,91,5,5,3,4,1,8
67,4,0,1,1,68805.0,283,4687,73,182,2,49,17,13,20,3,1,7,1,0,2
60,4,1,1,1,65814.0,747,4548,90,561,14,113,10,14,35,8,2,10,3,0,5
68,2,0,0,0,71964.0,1870,4807,81,587,51,556,120,34,86,5,6,5,1,0,3
40,2,0,1,1,39146.0,165,4902,1,94,1,33,13,12,12,4,0,4,3,0,8
49,2,1,0,0,96876.0,1941,4788,79,908,43,556,40,81,21,7,7,9,1,3,2
45,0,1,0,0,34445.0,839,4920,92,228,81,122,120,81,30,11,2,8,6,0,9
68,2,0,0,0,68281.0,1655,5123,31,995,81,417,42,48,41,2,9,13,1,0,5
51,1,1,1,2,37284.0,23,4859,46,11,1,2,2,1,6,0,0,3,1,0,6
43,2,1,0,0,36790.0,66,4944,14,3,3,14,15,21,10,2,1,2,1,0,9
59,2,1,1,2,27943.0,37,4842,89,12,1,16,4,1,3,2,0,3,3,0,8
75,2,0,1,2,22263.0,21,4493,31,17,0,2,0,0,2,1,0,3,2,0,6
54,2,1,1,3,30261.0,22,5044,75,8,0,5,0,3,6,0,0,3,1,0,8
48,2,1,1,1,28587.0,78,4246,42,22,4,17,12,10,13,2,0,4,3,0,6
44,3,1,1,1,43815.0,79,4823,53,14,10,29,4,7,15,2,0,3,1,0,6
70,2,1,1,2,48195.0,265,4561,53,106,27,68,52,7,5,4,2,5,6,0,6
74,3,1,1,1,77027.0,1175,4460,23,820,57,242,45,0,11,8,3,6,2,0,4
61,4,1,1,1,71322.0,1305,4900,57,753,43,226,69,10,126,8,5,13,2,0,4
47,3,1,1,1,32765.0,46,4528,49,13,3,17,7,3,3,2,0,4,2,0,5
61,2,1,1,2,29672.0,25,4610,6,9,1,3,0,4,8,0,0,3,1,0,6
73,2,0,0,0,23272.0,46,4657,29,19,3,6,4,2,12,1,0,3,1,0,4
77,3,1,1,1,49912.0,874,5122,5,520,8,223,32,49,42,10,5,7,4,1,8
41,1,1,1,1,7500.0,100,5305,98,5,17,17,13,14,34,2,1,3,4,0,9
79,4,0,1,1,68117.0,930,4671,80,618,44,215,0,17,36,11,8,4,2,1,6
71,2,1,1,1,67225.0,868,4617,4,315,35,322,46,7,126,7,2,11,3,0,5
50,2,1,1,1,17649.0,45,4602,70,15,1,23,0,5,1,3,0,3,3,0,8
51,2,1,1,1,55914.0,1260,4828,32,384,60,364,119,81,126,11,6,8,4,0,7
42,2,1,1,1,40059.0,414,4676,82,110,29,92,28,10,126,6,2,3,1,1,8
76,2,1,1,1,60905.0,392,4815,27,208,17,76,36,17,38,3,3,7,2,0,2
49,2,1,1,2,75330.0,1109,5212,94,555,81,257,93,61,61,10,3,12,4,0,6
75,2,0,1,1,60689.0,639,4941,23,240,81,216,63,6,24,4,4,10,4,0,3
42,2,1,1,1,38680.0,79,4860,97,11,0,36,15,5,12,2,0,3,1,0,7
44,2,1,0,0,61416.0,1665,4733,25,848,81,323,120,61,78,10,3,10,1,1,6
35,2,0,0,0,49767.0,692,4911,92,202,47,197,55,42,126,5,4,8,1,0,4
56,2,0,1,3,83273.0,1392,5044,98,433,81,556,16,81,102,4,6,9,10,0,7
45,2,1,1,1,29009.0,44,4614,19,6,6,15,10,5,2,2,0,3,2,0,6
47,3,1,1,1,45057.0,50,4935,80,37,0,7,3,0,3,2,0,3,1,0,5
55,2,1,1,1,37150.0,467,4999,80,167,37,64,49,34,116,4,3,6,8,0,7
56,2,0,1,1,43020.0,223,4613,79,45,7,99,4,25,43,4,1,4,3,0,6
67,2,1,1,1,53154.0,158,4333,50,129,0,21,0,1,7,3,1,4,1,0,4
53,2,1,0,0,65308.0,1211,4634,60,713,0,264,120,80,34,7,8,12,1,2,4
56,2,0,1,1,76467.0,1575,5083,44,676,81,426,120,44,58,2,5,5,2,0,6
79,1,1,0,0,81044.0,1208,4586,0,450,26,535,73,81,26,5,6,10,1,0,1
75,2,1,1,2,32871.0,43,4701,28,22,2,12,0,2,5,1,0,3,1,0,4
51,2,0,1,2,55801.0,527,4682,35,367,4,51,6,4,95,7,2,6,6,1,7
67,2,0,1,1,76320.0,932,4409,49,526,35,214,69,53,35,6,3,4,2,0,2
71,3,0,1,2,36927.0,71,4545,46,51,0,16,0,0,4,3,0,3,2,0,8
73,2,1,1,2,48794.0,54,4405,97,25,0,11,3,0,15,1,0,3,1,0,4
61,2,0,0,0,23478.0,129,4869,51,28,6,27,12,17,39,3,0,3,1,0,8
53,2,0,1,1,71128.0,1615,5151,80,958,81,447,20,0,31,2,10,12,3,0,7
50,4,0,1,1,70179.0,1034,4745,10,532,81,168,69,44,126,7,3,13,3,0,5
76,2,1,1,1,59462.0,1088,4826,29,724,17,143,0,8,126,9,2,12,2,0,7
57,3,1,1,2,,721,4809,52,375,42,48,94,66,96,4,10,4,7,0,3
57,2,1,1,1,38361.0,137,4586,74,39,0,56,20,8,14,3,1,3,3,0,7
45,4,0,1,1,,47,4796,82,23,0,15,0,2,7,3,0,3,2,0,6
44,4,1,0,0,70038.0,1244,4649,54,587,54,348,71,54,126,4,4,8,1,0,2
48,2,1,1,2,42554.0,41,4612,93,29,1,11,0,0,0,2,0,3,2,0,4
52,2,1,1,1,67445.0,1174,4970,63,757,80,217,29,80,11,9,6,12,5,0,6
75,2,0,1,1,67046.0,993,4795,92,544,35,133,23,81,107,4,5,4,2,0,2
78,2,1,0,0,42192.0,100,4787,40,40,15,15,17,6,7,2,1,3,1,0,4
74,4,1,1,1,77610.0,1680,5010,70,1225,33,332,21,33,16,4,7,4,2,0,7
42,2,1,1,1,31761.0,98,4458,96,19,1,20,16,14,28,3,0,4,2,0,5
47,2,1,1,1,34350.0,48,4655,81,16,3,15,2,1,11,1,0,3,1,0,7
77,2,1,1,1,54591.0,519,4819,63,376,4,94,12,9,24,6,2,8,3,0,5
70,2,1,1,1,71866.0,715,4588,85,184,81,178,103,39,33,6,3,10,1,0,3
57,2,1,1,1,25293.0,37,4689,51,15,0,11,0,2,9,1,1,2,1,0,8
39,4,0,0,0,42000.0,653,4673,23,124,81,267,85,59,35,5,2,11,2,0,5
43,2,1,0,0,69520.0,1455,4759,95,627,81,414,120,80,93,9,6,5,1,0,5
56,2,0,1,1,64713.0,602,4399,11,180,60,241,13,54,54,5,5,7,2,0,4
49,3,1,1,1,27889.0,26,4820,42,14,0,4,0,0,8,1,1,2,1,0,6
66,0,0,0,0,22123.0,102,4496,77,3,3,24,34,7,31,2,1,3,1,0,5
55,2,1,1,2,,97,4885,82,71,1,16,0,0,9,2,1,3,4,0,8
72,3,1,1,1,,207,4773,83,161,0,22,0,0,24,4,1,4,2,0,6
53,2,1,1,1,27803.0,176,5074,40,8,26,46,38,9,49,3,0,4,2,0,8
71,2,0,1,1,,450,4656,95,264,0,21,12,6,126,6,1,5,3,0,7
66,2,1,1,1,51651.0,433,5120,32,293,6,23,13,6,92,6,2,5,4,0,8
38,2,1,0,0,68487.0,1366,4934,48,758,12,385,33,81,89,9,7,13,1,0,4
83,3,0,0,0,,1564,4644,75,532,81,490,120,81,126,5,5,11,1,1,1
57,2,1,1,1,56796.0,1001,4900,24,656,38,161,62,47,37,8,9,7,3,0,7
34,1,1,0,0,87000.0,961,4963,61,196,25,556,67,17,49,4,6,7,1,0,2
67,2,1,1,1,79823.0,1518,4492,6,835,73,380,114,73,43,6,9,7,1,1,2
46,2,0,1,1,30828.0,56,4847,16,16,11,15,2,0,12,1,1,4,2,0,3
55,3,1,1,1,34109.0,22,4785,39,9,1,5,2,1,4,0,0,3,1,0,4
52,3,0,1,2,53367.0,400,4704,2,229,7,140,10,3,11,5,1,8,7,0,7
57,0,1,0,0,22390.0,26,4653,49,0,1,4,15,1,5,1,0,2,1,0,7
50,2,1,1,1,71322.0,350,4546,31,121,24,124,24,15,42,4,1,7,1,0,2
33,2,0,0,0,79244.0,1216,4959,58,471,81,125,120,61,126,4,10,7,1,2,1
77,3,1,1,1,49912.0,874,5122,5,520,8,223,32,49,42,10,5,7,4,1,8
76,4,1,1,2,48699.0,40,4806,90,26,1,10,2,0,1,1,0,3,1,0,5
51,2,1,0,0,80144.0,1367,4674,47,240,81,445,120,81,108,3,7,8,1,0,1
70,2,0,1,2,54252.0,264,4799,25,178,4,26,8,4,44,4,1,5,5,0,6
50,3,1,1,1,81929.0,2053,5040,60,1225,55,278,49,0,126,4,4,10,2,2,6
51,2,1,1,1,76068.0,1376,4979,67,1115,12,128,33,12,76,2,3,4,1,2,6
50,3,1,1,2,53204.0,45,4503,40,29,0,8,2,0,6,1,0,3,1,0,4
77,4,1,1,1,67911.0,976,4440,63,529,0,356,63,28,0,6,7,11,3,0,3
42,1,1,1,1,14796.0,51,5052,1,13,3,8,7,4,16,1,0,3,2,0,9
52,4,1,1,1,78128.0,1264,4532,89,934,24,230,16,24,36,8,4,6,2,2,3
54,0,1,0,0,14188.0,75,4888,40,2,7,11,16,12,27,2,0,4,1,0,6
40,0,1,1,1,20425.0,57,5010,5,4,12,5,3,16,17,2,0,3,2,0,7
64,3,1,1,1,58646.0,140,4668,3,62,1,44,6,5,22,2,1,4,1,0,4
56,2,0,1,1,72967.0,497,4963,1,158,35,179,0,0,125,7,2,8,2,1,5
77,3,1,1,1,48150.0,266,4729,24,173,2,39,3,2,47,5,1,4,3,0,7
65,2,0,0,0,82332.0,2006,5052,89,830,59,556,51,79,19,5,3,12,1,1,2
71,2,0,1,2,58275.0,615,4910,48,189,10,253,56,43,64,8,2,7,6,0,7
45,4,1,0,0,44953.0,1021,4957,31,728,17,133,11,8,124,7,3,13,1,1,6
73,2,1,1,2,34587.0,22,4446,68,7,2,9,2,0,2,1,0,3,2,0,4
52,3,1,1,1,43018.0,133,4936,46,35,4,17,7,6,64,2,2,2,1,0,5
72,3,1,1,1,45736.0,437,4742,92,188,3,180,20,3,43,7,1,6,5,0,7
57,3,1,1,1,66476.0,1013,4845,80,742,28,152,25,9,57,6,8,10,2,0,4
45,1,1,1,1,27733.0,57,4709,16,0,7,5,26,2,17,2,0,3,2,0,7
74,4,1,1,1,69805.0,1038,4561,50,750,71,174,13,10,20,6,8,11,2,0,2
64,3,0,0,0,72217.0,1573,4670,93,816,42,450,55,56,126,3,10,8,1,0,2
55,2,0,1,1,25818.0,28,5021,51,5,2,8,2,2,9,0,1,2,1,0,7
50,3,1,1,1,37509.0,123,4969,24,37,5,56,12,8,5,3,0,4,2,0,7
50,1,1,1,2,25176.0,13,4666,79,4,0,4,0,0,5,1,0,2,1,0,7
46,2,1,1,1,43586.0,132,5070,26,99,2,11,4,0,16,3,0,4,3,0,8
70,1,1,1,1,53230.0,732,5245,86,176,72,98,120,21,126,5,2,12,4,0,5
69,2,1,1,2,50116.0,66,4411,68,54,0,10,0,0,2,1,0,4,2,1,5
54,2,1,0,0,84906.0,1631,4847,98,997,15,414,99,30,76,5,6,12,1,3,2
60,2,1,1,1,61286.0,608,4908,34,356,0,107,19,9,117,7,1,8,2,0,5
40,4,1,0,0,82333.0,1822,4858,60,1225,0,359,46,81,17,4,3,10,1,1,2
61,4,1,0,0,65220.0,1282,5244,3,890,63,292,0,25,12,8,4,7,4,0,6
52,2,1,1,3,33590.0,8,4877,65,4,0,2,0,0,2,1,0,2,1,0,7
50,2,0,1,1,30992.0,43,4835,83,17,0,14,7,3,2,1,0,3,1,0,7
50,3,0,0,0,72309.0,1931,4640,64,960,0,556,50,38,0,5,6,8,1,1,3
77,4,1,0,0,118350.5,8,4706,85,2,1,2,1,1,1,0,0,0,0,0,0
46,0,1,1,1,16005.0,103,5086,69,1,3,2,20,30,47,2,1,2,3,0,8
69,3,0,0,0,65487.0,1169,4308,48,240,67,500,120,0,126,3,5,6,3,0,2
61,2,1,1,1,58692.0,395,4427,21,301,11,61,4,7,11,8,2,4,1,0,7
57,2,0,1,2,40590.0,258,4906,30,154,0,50,6,11,37,3,4,3,5,1,6
56,2,0,1,1,20587.0,25,4273,39,2,3,6,4,1,9,1,1,2,1,0,7
72,3,0,1,1,62637.0,185,4579,76,104,12,48,4,12,5,2,2,5,1,0,2
60,3,0,1,2,29435.0,180,5153,11,70,3,37,4,2,64,3,2,2,4,0,9
52,2,0,1,1,19346.0,22,4552,26,2,0,9,3,6,2,1,0,3,1,0,8
55,2,1,1,2,35788.0,44,4559,34,23,2,11,3,1,4,2,0,3,2,0,6
58,2,0,1,2,36997.0,94,4945,72,43,4,12,8,0,27,2,1,4,5,0,5
69,2,1,0,0,23539.0,81,4523,13,4,24,11,16,1,25,2,0,4,1,0,6
53,2,0,1,1,65333.0,798,4565,58,654,7,92,0,15,30,9,4,8,7,2,6
69,2,0,0,0,78499.0,1334,4620,12,912,72,170,47,36,97,11,3,4,1,1,4
55,4,1,1,1,29732.0,38,4498,23,25,0,8,0,1,4,2,0,2,1,0,9
66,3,1,1,3,41275.0,61,4499,33,24,4,22,0,2,9,3,1,3,4,0,5
53,4,1,1,2,63516.0,300,4789,30,141,11,114,15,14,5,4,1,7,4,0,5
64,4,1,1,1,42769.0,88,4603,15,71,0,13,3,1,0,1,1,4,2,0,4
68,3,1,1,2,49572.0,54,4598,25,35,1,16,0,1,1,2,0,3,2,0,7
54,2,1,0,0,69209.0,1782,5052,4,496,32,556,120,48,126,5,3,6,2,1,4
50,2,1,1,1,17148.0,68,4554,80,9,9,11,13,10,16,3,1,3,4,0,8
57,2,0,1,2,40590.0,258,4906,30,154,0,50,6,11,37,3,4,3,5,1,6
50,3,1,1,1,30560.0,31,4769,6,9,1,5,4,5,7,1,0,3,1,0,7
43,1,1,1,1,32146.0,66,4243,16,26,3,23,4,7,3,2,0,4,2,0,6
62,1,0,1,2,41713.0,174,4463,57,77,8,44,10,10,25,3,1,4,5,0,6
51,3,1,1,1,34176.0,28,4560,9,11,2,7,4,2,2,1,0,3,1,0,3
71,4,1,1,1,58482.0,731,4245,59,576,7,115,19,7,7,7,4,9,2,1,6
61,2,0,1,1,59686.0,274,4557,78,89,15,89,34,42,5,4,1,6,1,0,4
62,4,1,1,1,60896.0,1701,4998,90,1013,30,399,60,46,126,9,10,4,3,0,6
46,2,1,1,1,62994.0,312,4489,74,224,12,48,4,12,12,6,2,4,1,0,6
69,2,1,1,1,47320.0,414,4939,10,200,19,111,50,15,19,5,1,8,6,0,6
77,1,0,0,0,74859.0,1565,4882,63,570,73,556,120,81,73,6,5,11,1,1,3
34,0,0,1,1,15253.0,29,4646,13,1,3,3,8,1,13,1,0,3,2,0,7
52,4,0,1,1,31560.0,94,4772,98,62,1,20,4,0,7,2,1,3,2,0,8
72,2,0,1,1,72071.0,1338,4902,4,531,69,300,120,81,126,5,4,8,3,0,2
36,3,0,0,0,91172.0,1092,4861,94,162,28,556,0,28,56,4,3,7,0,4,3
42,2,1,0,0,90000.0,1479,4590,91,675,81,133,94,81,126,4,8,5,1,3,1
45,2,0,1,2,41967.0,54,4620,66,23,4,10,0,2,15,1,0,3,1,0,4
61,2,0,1,1,69263.0,568,4459,14,492,5,32,13,5,21,9,1,7,1,1,6
56,1,0,0,0,65706.0,1199,4768,77,918,10,129,13,0,126,11,3,12,1,3,7
51,2,1,1,1,60934.0,873,4565,41,224,81,155,120,81,54,6,4,11,2,0,4
75,2,1,1,1,71965.0,1213,4737,21,572,19,286,50,38,126,6,3,5,3,0,3
71,2,1,1,1,65210.0,731,4306,25,626,0,70,0,7,28,9,3,8,2,2,6
51,4,1,0,0,79174.0,2043,4642,2,1074,37,518,120,81,126,5,6,7,1,2,2
59,3,0,0,0,81380.0,1893,4956,51,741,68,556,120,68,103,4,2,10,1,0,2
53,4,0,1,1,48432.0,424,5021,3,322,3,50,4,3,42,7,1,6,5,0,8
55,2,1,1,1,52914.0,575,4765,32,254,10,44,30,10,126,7,3,3,2,1,7
71,2,1,1,1,38946.0,257,4650,84,116,6,82,6,6,41,3,1,6,2,0,5
52,2,1,1,1,26067.0,56,4846,49,22,2,18,0,2,12,3,0,3,3,0,8
54,4,1,1,1,44325.0,542,4763,69,516,0,21,0,0,5,8,2,7,4,1,8
62,2,1,0,0,42523.0,125,4469,96,14,36,11,3,26,35,1,1,4,1,0,2
48,0,0,1,1,26487.0,69,4807,23,2,8,10,12,14,23,2,1,3,3,0,5
69,1,1,1,1,53233.0,40,4505,18,28,0,9,3,0,0,1,0,3,1,0,4
66,2,1,1,1,67716.0,1016,4673,8,530,81,217,62,9,56,7,4,13,4,1,5
54,3,1,1,1,76234.0,907,4429,21,519,50,167,120,0,41,8,3,11,1,1,3
70,4,1,0,0,84117.0,1566,4273,60,611,76,556,59,45,26,7,10,6,1,1,2
69,3,1,0,0,65487.0,1169,4308,48,240,67,500,120,0,126,3,5,6,3,0,2
54,0,1,1,1,25224.0,46,4507,36,4,9,12,11,2,8,1,1,3,2,0,3
43,3,0,0,0,89616.0,1644,4891,36,671,47,556,120,81,15,7,5,12,1,0,2
55,2,0,1,2,40851.0,59,4895,63,23,1,7,0,4,24,1,1,2,1,0,7
79,2,1,0,0,27469.0,17,5274,2,9,1,2,3,2,0,0,0,3,1,0,6
69,1,1,0,0,82347.0,1853,5150,38,556,54,556,120,81,63,7,7,10,1,2,3
69,2,1,1,1,73803.0,1528,5305,61,833,80,363,52,26,126,9,5,6,2,1,6
74,3,0,1,2,8820.0,35,4866,52,12,0,13,4,2,4,3,0,3,4,0,8
52,2,0,0,0,43322.0,141,4471,25,56,7,48,10,2,18,3,0,4,1,0,7
53,2,1,1,1,55593.0,546,4714,63,293,8,124,11,4,106,6,6,3,2,1,6
72,2,1,1,2,50501.0,500,4778,10,297,0,38,13,0,126,5,4,4,7,1,6
51,2,1,1,2,37085.0,61,4405,65,39,1,16,2,0,3,3,0,3,4,0,8
36,0,0,1,1,16185.0,106,4819,71,5,11,16,21,8,45,2,2,2,2,0,8
57,2,0,1,1,57731.0,704,4985,0,266,21,300,65,8,44,8,8,6,4,0,6
53,4,0,1,1,48432.0,424,5021,3,322,3,50,4,3,42,7,1,6,5,0,8
48,2,1,1,1,73807.0,849,4915,88,366,81,156,71,78,54,5,5,11,2,0,2
36,2,1,0,0,18929.0,85,4900,15,32,0,8,23,4,18,1,0,4,1,0,6
58,2,0,1,2,35893.0,199,5024,80,158,0,23,0,0,18,3,1,5,6,0,8
46,2,1,1,1,61014.0,1147,5000,17,269,81,495,120,43,29,9,3,4,4,0,7
72,2,1,1,2,32144.0,54,4500,76,41,0,10,0,0,3,2,1,3,4,1,7
63,0,1,1,1,14918.0,43,5119,52,3,3,3,15,4,15,1,0,3,1,0,6
63,2,0,1,2,45146.0,53,4751,28,33,0,5,0,0,15,1,1,2,2,0,4
71,1,0,1,1,41769.0,521,4903,31,302,29,131,32,0,27,8,1,7,6,0,8
45,2,1,0,0,88325.0,1623,4460,42,519,71,556,93,27,53,6,2,9,1,0,2
76,3,0,1,2,38054.0,45,4577,24,23,2,17,2,1,0,2,0,3,2,0,7
31,1,0,0,0,80617.0,1435,4968,42,594,51,556,72,55,32,4,6,8,1,0,2
50,2,1,1,1,5305.0,32,4736,12,12,4,7,1,3,5,1,0,0,0,0,13
72,2,1,1,2,36807.0,16,4958,88,4,2,5,0,0,5,1,0,2,1,0,6
43,2,1,1,1,28427.0,52,4867,67,18,3,19,3,3,6,2,0,3,2,0,8
78,4,0,0,0,82032.0,1234,4458,54,332,81,377,120,81,57,4,6,7,0,0,1
48,2,1,1,1,22775.0,15,4777,40,5,1,8,0,0,1,1,0,2,1,0,8
41,3,1,1,1,40101.0,415,5025,73,171,3,129,26,24,62,6,1,6,4,0,7
47,2,1,1,1,58025.0,470,4617,81,270,31,88,11,48,22,3,2,10,3,0,4
44,3,0,0,0,75777.0,1438,4850,12,712,26,538,69,13,80,3,6,11,1,2,1
47,1,1,1,1,7500.0,53,4761,7,2,8,11,3,8,21,3,2,2,4,0,7
63,3,1,1,3,33562.0,51,4406,33,21,12,12,0,3,3,2,0,4,3,0,4
56,4,0,1,1,57642.0,679,4338,24,580,6,58,8,0,27,7,6,6,3,1,4
58,2,1,1,2,58554.0,586,5043,55,368,24,68,38,0,88,8,2,6,6,0,7
47,2,1,1,2,63777.0,653,4864,87,457,5,106,15,17,53,11,1,6,8,0,8
64,2,0,1,1,57967.0,468,4885,39,229,7,137,4,0,91,4,2,8,5,0,5
48,1,1,0,0,,1679,4970,53,32,2,556,12,4,22,0,0,1,0,1,0
54,2,1,1,2,24434.0,50,4444,9,3,2,8,20,0,17,2,1,2,2,0,7
42,2,0,1,1,11012.0,84,4872,82,24,3,26,7,1,23,3,1,2,3,1,9
56,3,0,0,0,44802.0,1049,5079,71,853,10,143,13,10,20,9,4,12,2,0,8
40,2,0,0,0,26816.0,22,5083,50,5,1,6,3,4,3,0,0,3,1,0,4
49,2,1,1,1,118350.5,62,4910,23,9,14,18,8,1,12,3,1,3,4,0,6
52,2,1,1,1,34421.0,30,4940,81,3,3,7,6,2,9,1,0,2,1,0,7
59,2,1,1,1,61223.0,1341,4783,46,709,43,182,42,81,126,9,3,4,2,0,5
80,4,1,1,3,64014.0,444,4303,56,406,0,30,0,0,8,8,2,5,7,1,7
45,2,0,0,0,56981.0,1241,4557,91,908,48,217,32,12,24,2,3,13,1,1,6
70,3,1,1,1,69245.0,843,4558,8,428,30,214,80,30,61,6,5,10,2,0,3
72,4,1,1,2,52869.0,172,5024,40,84,3,61,2,1,21,3,1,4,3,0,7
